Words,Translation,Valence_Mean,ET,Arousal_Mean,ET,Mean,ET,Mean ,ET,Mean ,ET,Mean ,ET
abeille,bee,4.22,2.50,4.08,2.88,4.75,2.79,5.00,3.29,3.80,2.21,3.35,2.35
abonné,suscriber,4.53,1.77,4.25,2.01,4.50,2.11,4.33,2.77,4.54,1.71,4.23,1.86
abricot,apricot,6.55,1.64,3.60,1.83,6.00,1.00,3.67,2.24,6.62,1.70,3.59,1.79
absent,absent,3.42,1.81,4.19,2.34,4.75,0.71,2.88,2.30,3.27,1.84,4.34,2.32
abstrait,abstract,4.72,1.59,3.86,2.20,5.42,1.98,4.75,2.86,4.59,1.49,3.69,2.05
accordéon,accordion,5.70,1.89,4.35,2.50,5.22,1.86,5.44,2.40,5.76,1.89,4.21,2.49
acide,acidic,3.47,1.95,5.47,2.45,4.38,1.77,5.25,2.55,3.37,1.95,5.49,2.45
agneau,lamb,6.35,2.00,3.51,2.14,6.47,1.84,3.47,2.03,6.25,2.17,3.55,2.28
agréable,pleasurable,8.29,1.26,5.04,2.86,8.00,1.28,5.00,2.95,8.34,1.25,5.05,2.86
aide,help,7.08,1.61,4.81,2.57,7.18,2.07,5.00,2.85,7.00,1.12,4.65,2.37
aigle,eagle,6.53,1.96,5.03,2.61,6.59,2.03,4.76,2.66,6.48,1.94,5.24,2.62
aiguille,needle,3.90,1.76,4.34,2.73,4.28,1.96,4.78,2.67,3.69,1.64,4.09,2.77
ail ,garlic,4.22,2.08,3.68,2.45,4.88,1.69,3.47,2.62,3.65,2.25,3.85,2.35
aile ,wing,6.05,1.86,4.41,2.77,5.82,1.63,3.59,2.74,6.25,2.05,5.10,2.67
aisance,ease,7.26,1.45,3.25,2.19,7.33,1.22,3.00,2.00,7.25,1.49,3.28,2.22
album,album,6.34,1.50,4.34,2.30,5.75,1.49,2.63,1.85,6.41,1.50,4.54,2.27
alcool,alcohol,5.64,2.71,5.60,2.87,6.44,2.31,6.33,2.57,5.19,2.84,5.19,2.99
algèbre,algebra,3.87,2.19,4.54,2.61,3.92,1.83,3.92,2.61,3.86,2.26,4.65,2.62
allégorie,allegory,5.42,1.19,3.86,2.09,5.22,1.56,4.22,2.11,5.45,1.15,3.81,2.10
alligator,alligator,4.05,2.06,5.43,2.25,4.75,1.16,5.38,1.51,3.97,2.13,5.44,2.33
allumette ,match,5.32,1.93,4.70,2.79,5.29,1.96,4.29,2.85,5.35,1.95,5.05,2.76
ambition,ambition,7.60,1.51,6.60,2.30,6.67,1.87,5.50,2.78,7.77,1.38,6.80,2.17
ambulance ,ambulance,3.22,1.90,3.97,3.09,3.76,1.95,4.59,2.65,2.75,1.77,3.45,3.39
âme,soul,7.12,1.50,4.03,2.58,6.33,2.18,4.22,3.35,7.22,1.38,4.00,2.49
amer,bitter,2.80,1.36,4.24,2.20,3.88,1.25,4.00,2.39,2.68,1.33,4.27,2.20
ami,friend,7.94,1.73,6.17,2.83,7.71,1.96,5.94,3.23,8.15,1.53,6.36,2.52
amitié,friendship,8.38,0.96,6.49,2.59,7.83,1.27,6.33,2.50,8.48,0.87,6.52,2.62
amour,love,6.61,2.93,6.67,2.72,6.41,2.72,5.65,3.08,6.78,3.16,7.54,2.07
ampoule,lightbulb,5.06,1.33,3.00,2.33,5.28,1.13,4.06,2.71,4.94,1.44,2.41,1.88
ananas,pineapple,5.70,2.38,4.35,2.97,5.88,2.42,4.12,3.31,5.55,2.39,4.55,2.72
anarchie,anarchy,3.53,2.10,6.30,2.54,5.44,1.74,5.44,2.35,3.28,2.02,6.41,2.56
ancien,old,5.46,1.78,3.80,2.07,5.00,0.93,3.63,2.33,5.51,1.85,3.82,2.05
ancre,anchor,4.96,1.27,3.81,2.12,5.33,0.78,3.08,2.19,4.89,1.34,3.94,2.09
âne,donkey,5.30,2.16,3.46,2.40,5.00,1.62,3.12,2.09,5.55,2.54,3.75,2.65
ange ,angel,7.59,1.40,4.41,2.76,7.47,1.46,4.35,2.87,7.70,1.38,4.45,2.74
année,year,4.86,2.23,3.84,2.76,4.94,1.89,3.12,2.62,4.80,2.53,4.45,2.80
antenne ,aerial,4.80,1.28,2.96,1.96,4.61,1.58,3.67,1.88,4.91,1.09,2.56,1.92
anxiété,anxiety,1.99,1.56,6.37,2.92,2.63,1.30,4.00,2.78,1.92,1.57,6.63,2.83
appareil,device,5.27,1.90,4.03,2.54,4.94,1.95,4.18,2.58,5.55,1.85,3.90,2.57
aptitude,skill,6.71,1.36,5.06,2.33,6.67,1.61,4.67,3.08,6.72,1.32,5.14,2.19
aquarium,aquarium,6.60,1.43,3.30,2.31,5.78,1.64,3.78,2.49,6.71,1.37,3.24,2.29
araignée,spider,3.30,2.09,5.78,2.74,3.94,2.22,5.82,2.48,2.75,1.86,5.75,3.01
arbre,tree,6.45,2.16,3.42,2.31,6.76,2.19,2.88,2.37,6.19,2.16,3.86,2.22
arc ,bow,4.73,1.74,3.62,2.49,5.65,1.32,4.00,2.85,3.95,1.70,3.30,2.15
ardu,laborious,4.20,1.71,4.62,2.37,4.63,0.92,4.00,2.45,4.15,1.77,4.69,2.36
argent,money,6.65,2.35,6.24,2.28,6.06,2.68,5.71,2.66,7.15,1.95,6.70,1.84
arme,weapon,3.80,2.70,5.10,2.81,5.17,2.98,6.11,2.45,3.03,2.22,4.53,2.87
armée,army,2.79,1.91,6.01,2.58,3.33,1.61,6.08,2.68,2.69,1.95,6.00,2.58
armoire,closet,5.14,0.87,3.13,1.81,4.89,1.27,3.67,1.73,5.18,0.81,3.06,1.82
arrosoir,watering can,4.78,1.70,2.97,2.41,5.29,1.49,3.24,2.75,4.35,1.79,2.75,2.12
art,art,7.19,1.70,5.03,2.54,7.00,1.85,4.75,2.71,7.21,1.70,5.06,2.53
artichaut,artichoke,5.01,2.10,3.39,2.05,4.92,1.78,3.75,2.05,5.03,2.16,3.32,2.05
aspect,appearance,5.12,1.16,3.74,2.09,4.11,1.36,5.00,2.06,5.25,1.07,3.57,2.05
asperge,asparagus,5.15,2.06,3.37,2.06,4.75,2.19,3.00,2.14,5.20,2.05,3.41,2.06
aspirateur ,vacuum cleaner,3.62,2.15,3.76,2.78,4.47,2.24,4.47,2.79,2.90,1.83,3.15,2.70
assiette ,plate,5.59,1.89,3.73,2.24,5.71,1.83,3.76,2.31,5.50,1.99,3.70,2.25
astronaute,astronaut,5.87,1.53,4.77,2.44,6.75,1.91,5.00,3.16,5.71,1.41,4.72,2.32
astuce,trick,6.66,1.26,4.82,2.20,5.67,1.00,4.00,2.00,6.79,1.24,4.93,2.22
atrocité,atrocity,1.35,0.85,6.48,2.54,1.88,0.99,7.38,1.85,1.30,0.82,6.38,2.60
attention,attention,5.73,1.44,5.04,2.14,5.50,1.00,5.00,2.76,5.77,1.51,5.05,2.03
attitude,attitude,5.73,1.17,4.05,2.13,4.89,0.33,4.00,1.58,5.84,1.19,4.06,2.21
autre,other,4.89,1.29,3.78,2.47,5.06,1.14,4.29,2.47,4.75,1.41,3.35,2.46
autruche,ostrich,5.11,2.00,3.49,2.74,5.76,1.15,2.94,2.77,4.55,2.39,3.95,2.70
avenir,future,6.38,2.67,6.03,2.82,6.41,2.53,6.12,2.80,6.35,2.85,5.95,2.91
avion,airplane,6.22,2.33,6.41,2.24,6.24,2.49,6.41,2.03,6.20,2.26,6.40,2.46
avocat,avocado,3.84,2.40,3.18,2.40,4.24,2.61,4.00,2.62,3.52,2.23,2.52,2.04
bague,ring,6.27,2.04,4.86,2.84,5.59,1.84,3.18,2.32,6.85,2.06,6.30,2.45
baguette ,rod,6.34,1.77,3.42,2.00,6.29,1.83,3.59,2.03,6.38,1.77,3.29,2.00
baignoire ,bathtub,6.92,1.63,4.26,2.90,6.71,1.79,3.35,2.60,7.10,1.51,5.00,2.98
bain,bath,7.46,1.52,4.35,2.81,7.53,1.33,5.06,2.90,7.40,1.70,3.75,2.65
baisse,fall/drop,3.81,1.35,3.70,2.55,3.76,1.39,4.18,2.27,3.85,1.35,3.30,2.75
balai,broom,4.38,1.65,3.08,2.01,4.44,1.25,3.44,1.69,4.34,1.86,2.88,2.17
balance,scale,3.84,2.11,2.78,2.46,4.35,2.29,2.53,1.77,3.40,1.90,3.00,2.96
balançoire,swing,6.70,1.56,5.14,2.32,6.35,1.62,4.53,2.32,7.00,1.49,5.65,2.25
balcon ,balcony,5.58,1.65,3.58,2.34,5.53,1.46,3.06,1.92,5.62,1.83,4.00,2.61
baleine,whale,5.84,1.83,4.04,2.52,4.83,1.47,4.00,2.47,6.41,1.79,4.06,2.59
balle,ball,5.70,2.44,4.68,2.93,6.00,2.45,5.18,2.74,5.45,2.46,4.25,3.08
ballon,balloon,5.51,1.85,3.81,2.42,5.47,2.15,3.18,2.43,5.55,1.61,4.35,2.35
banalité,banality,4.20,1.39,3.05,1.95,5.13,0.83,2.13,1.36,4.10,1.41,3.15,1.99
banane,banana,6.89,2.02,4.47,2.87,6.71,2.23,4.00,2.89,7.05,1.88,4.86,2.87
banc,bench,5.73,1.48,3.08,2.07,6.12,1.32,3.53,2.12,5.40,1.57,2.70,2.00
banque,bank,4.52,1.99,4.80,2.49,3.83,1.75,4.67,2.96,4.65,2.02,4.83,2.42
barbe ,beard,5.16,1.83,3.59,2.55,5.35,1.97,3.06,2.73,5.00,1.75,4.05,2.37
barre ,bar,4.86,0.82,2.57,2.01,5.00,0.71,2.47,1.94,4.75,0.91,2.65,2.11
barrière,gate,3.75,1.52,3.97,2.29,3.89,1.54,5.11,2.15,3.73,1.53,3.82,2.28
bassine,basin,4.53,1.48,2.81,2.30,4.26,1.71,3.05,2.38,4.75,1.25,2.60,2.26
bateau,boat,6.19,1.79,4.97,2.57,5.65,1.46,4.24,2.66,6.65,1.95,5.60,2.37
beau,beautiful,7.86,1.26,5.65,2.46,7.00,1.41,4.75,2.49,7.96,1.21,5.75,2.45
bébé ,baby,6.64,2.30,5.60,2.76,5.17,2.53,4.56,2.31,7.47,1.70,6.19,2.84
bec ,beak,4.97,1.61,3.49,2.34,5.47,1.18,3.41,1.97,4.55,1.82,3.55,2.67
berceau,cradle,6.47,2.04,4.55,2.69,5.58,2.27,4.67,2.67,6.63,1.97,4.52,2.72
biberon ,feeding-bottle,5.84,2.19,4.41,2.69,5.94,1.68,3.29,2.42,5.75,2.59,5.35,2.60
bibliothèque ,bookshelf,6.00,1.75,4.00,2.78,6.24,1.68,4.29,3.18,5.80,1.82,3.75,2.45
biche ,deer,5.76,2.06,3.97,2.82,5.76,1.44,3.29,2.71,5.75,2.51,4.55,2.86
bien ,good,7.74,1.14,5.48,2.59,7.56,0.98,5.39,2.23,7.84,1.22,5.53,2.81
bille,marble,5.89,1.45,3.43,2.03,6.06,1.39,4.18,1.98,5.75,1.52,2.80,1.91
biscuit ,biscuit,7.16,1.57,5.14,2.19,7.47,1.50,5.18,2.16,6.90,1.62,5.10,2.27
blague,joke,7.86,1.09,6.20,2.06,7.78,1.17,6.11,2.27,7.91,1.06,6.25,1.97
blanc,white,5.97,1.68,2.96,2.12,5.67,1.73,3.00,1.32,6.01,1.68,2.96,2.21
blé ,wheat,5.34,2.04,3.05,2.00,6.24,1.64,3.47,2.12,4.62,2.09,2.71,1.87
bleu,blue,7.00,1.41,4.14,2.37,7.24,1.25,5.00,2.52,6.80,1.54,3.40,2.01
bocal,jar,5.03,1.14,2.49,2.04,5.47,1.07,2.41,1.94,4.65,1.09,2.55,2.16
bois ,wood,6.02,1.73,3.82,2.41,6.06,1.39,4.44,2.38,6.00,1.92,3.47,2.40
boîte,box,5.70,1.43,4.28,2.86,5.89,1.53,5.06,2.84,5.59,1.39,3.84,2.83
bol,bowl,4.97,1.72,3.05,2.21,5.53,1.23,3.00,2.57,4.50,1.96,3.10,1.92
bombe ,bomb,2.87,2.02,6.18,2.71,2.94,1.60,5.94,2.79,2.81,2.34,6.38,2.69
bonbon ,candy,7.65,1.30,5.57,2.67,7.82,1.07,5.29,2.80,7.50,1.47,5.80,2.61
bonheur,happiness,8.39,1.20,7.00,2.65,7.94,1.56,5.76,3.07,8.76,0.62,8.00,1.76
bonhomme,fellow,6.00,2.04,4.00,2.28,5.65,2.03,4.18,2.67,6.30,2.05,3.86,1.96
bonnet ,hat,5.42,1.93,3.13,2.03,5.59,1.46,3.59,1.62,5.29,2.26,2.77,2.28
bosse ,bump,4.05,1.91,3.54,2.30,4.71,2.08,3.76,2.44,3.50,1.61,3.35,2.23
botte,boot,5.68,2.04,3.39,2.19,5.29,1.79,3.29,2.20,6.00,2.21,3.48,2.23
bouche,mouth,6.57,1.68,5.30,2.81,6.41,1.50,4.06,2.82,6.70,1.84,6.35,2.39
boue ,mud,3.59,2.17,3.22,2.58,4.00,2.21,3.18,2.35,3.25,2.12,3.25,2.83
bouée ,buoy,5.47,2.23,3.59,2.43,5.24,2.31,3.25,2.29,5.67,2.20,3.86,2.56
bougie,candle,6.37,2.07,3.55,2.53,6.06,2.30,3.24,2.91,6.62,1.88,3.81,2.23
bouilloire,kettle,5.03,1.38,3.94,2.32,5.17,0.58,3.67,2.61,5.00,1.48,3.98,2.29
boule,bowl,5.19,1.54,3.57,2.68,5.24,1.52,3.12,2.47,5.15,1.60,3.95,2.86
bout ,piece,5.10,1.49,3.34,2.20,5.72,1.53,3.78,2.32,4.75,1.37,3.09,2.13
bouteille,bottle,5.84,1.59,4.03,2.59,6.29,1.90,4.65,2.52,5.45,1.19,3.50,2.59
bouton,button,3.43,2.17,4.49,2.60,4.24,1.99,4.65,2.45,2.75,2.12,4.35,2.78
bracelet ,bracelet,5.62,2.06,3.54,2.32,4.76,1.68,2.71,1.86,6.35,2.11,4.25,2.47
branche ,branch,5.30,1.07,3.32,2.24,5.39,0.70,4.39,2.33,5.25,1.24,2.72,1.99
bras,arm,5.92,2.12,4.03,2.78,5.18,1.81,3.00,1.97,6.52,2.20,4.86,3.09
bravoure,bravery,7.62,1.39,5.47,2.51,7.44,1.24,5.33,3.24,7.65,1.41,5.49,2.43
brique,brick,4.73,1.54,2.76,2.20,5.35,1.22,2.88,2.52,4.20,1.61,2.65,1.95
briquet,lighter,4.84,1.94,4.19,2.40,5.25,0.71,2.75,1.67,4.79,2.03,4.35,2.43
brosse,brush,4.95,1.63,3.00,1.97,5.00,1.54,3.00,1.94,4.90,1.74,3.00,2.05
brouette ,wheelbarrow,5.36,1.38,3.66,2.30,5.61,1.46,4.67,2.45,5.22,1.34,3.09,2.04
bruit,noise,4.22,2.26,4.95,2.58,4.59,2.29,5.06,2.75,3.90,2.25,4.85,2.50
brun,brown,5.70,1.78,3.65,2.38,5.53,1.94,3.18,2.27,5.85,1.66,4.05,2.46
bûche,log,5.95,1.68,3.51,2.08,5.71,2.02,4.24,2.41,6.15,1.35,2.90,1.55
bulle ,bubble,6.39,1.91,3.82,2.59,6.06,1.98,3.18,2.30,6.67,1.85,4.33,2.74
bureau,desk,4.08,1.44,2.65,1.69,4.53,1.33,2.59,1.80,3.70,1.45,2.70,1.63
burin,chisel,4.05,1.65,4.39,2.45,4.67,0.65,4.17,2.72,3.97,1.77,4.43,2.42
bus,bus,3.65,2.15,3.19,2.64,3.41,1.84,2.65,2.06,3.85,2.41,3.65,3.03
cacahuète,peanut,6.10,1.63,3.88,2.34,5.89,1.49,4.39,2.23,6.22,1.72,3.59,2.39
cactus,cactus,4.29,2.05,4.42,2.33,4.65,2.00,5.53,2.18,4.00,2.10,3.52,2.09
cadeau ,present,7.86,1.51,6.68,2.61,7.24,1.82,6.18,2.63,8.40,0.94,7.10,2.59
cadenas,padlock,4.12,1.61,3.39,2.24,4.44,1.51,4.22,1.86,4.08,1.63,3.29,2.28
cafard,roach,2.09,1.45,5.00,2.70,3.25,1.67,3.75,2.12,1.96,1.38,5.14,2.73
café,coffee,5.88,2.16,5.69,2.88,6.08,1.78,4.67,2.64,5.85,2.23,5.88,2.90
cafetière ,coffeepot,5.41,2.44,4.05,2.98,6.18,2.40,4.59,3.00,4.75,2.34,3.60,2.96
cage ,cage,2.53,1.75,4.37,2.91,2.59,1.62,4.59,3.02,2.48,1.89,4.19,2.87
cahier ,exercise book,4.50,2.08,2.82,1.66,4.59,2.12,2.53,1.81,4.43,2.09,3.05,1.53
caisse ,crate,4.73,1.61,3.19,2.56,5.00,2.03,3.12,2.42,4.50,1.15,3.25,2.73
cake,fruit cake,6.19,1.97,4.51,2.53,5.94,1.75,4.59,2.62,6.40,2.16,4.45,2.52
calculatrice,calculator,4.38,1.82,3.90,2.47,4.78,2.11,3.22,1.86,4.32,1.79,3.99,2.54
calendrier ,calendar,5.08,1.50,3.58,2.37,4.50,1.50,3.56,1.98,5.41,1.41,3.59,2.59
calme,quietness,7.32,1.49,3.24,2.66,7.65,1.11,3.65,2.45,7.05,1.73,2.90,2.85
calorie,calorie,3.27,2.02,4.87,2.56,4.75,1.98,3.38,2.26,3.10,1.97,5.04,2.55
caméra,camera,5.75,1.42,4.55,2.25,5.42,1.31,4.25,2.53,5.82,1.43,4.60,2.21
camion,truck,4.49,1.88,3.22,2.33,4.59,2.00,3.65,2.34,4.40,1.82,2.85,2.32
canapé,couch,6.41,1.88,3.38,2.42,6.24,1.82,3.24,2.84,6.55,1.96,3.50,2.06
canard,duck,5.14,1.89,3.41,2.81,5.41,1.70,2.71,2.73,4.90,2.05,4.00,2.81
canne ,cane,4.22,2.10,3.08,2.53,4.29,2.08,3.12,2.26,4.15,2.16,3.05,2.80
canon,cannon,4.78,2.57,5.95,2.76,4.89,2.37,6.11,2.71,4.76,2.62,5.93,2.79
capacité,capacity,7.19,1.59,5.19,2.37,6.50,1.77,4.50,2.39,7.27,1.57,5.27,2.37
cape,cape,5.97,1.79,4.00,2.69,6.06,1.64,4.29,2.76,5.90,1.94,3.75,2.67
capuche ,hood,5.19,1.60,3.22,2.45,5.47,1.55,2.88,2.37,4.95,1.64,3.50,2.54
caravane,trailer,5.17,1.69,4.40,2.40,5.33,2.06,4.42,3.23,5.14,1.63,4.40,2.24
carnet ,pad,4.46,1.95,3.03,2.23,4.35,2.37,2.88,2.37,4.55,1.57,3.15,2.16
carotte,carrot,5.96,1.91,3.88,2.29,5.50,1.79,4.17,2.26,6.22,1.95,3.72,2.33
carré,square,5.28,1.18,2.80,2.11,5.50,1.29,3.72,2.32,5.16,1.11,2.28,1.82
carrosse ,carriage,5.59,1.82,3.46,2.52,5.00,1.97,3.41,2.55,6.10,1.55,3.50,2.56
cartable,schoolbag,4.88,1.08,3.65,2.06,4.78,1.09,4.22,1.86,4.90,1.08,3.57,2.08
carte ,playing card,6.14,1.23,3.86,2.62,6.00,1.06,4.06,2.68,6.25,1.37,3.70,2.62
cartouche  ,cartridge,4.50,1.96,3.95,3.01,4.82,2.19,4.76,3.35,4.24,1.76,3.29,2.61
case,square,4.68,1.45,2.97,2.27,5.35,1.00,3.12,2.26,4.10,1.55,2.85,2.32
casque,helmet,5.30,1.39,3.59,2.52,5.35,1.22,3.24,2.51,5.25,1.55,3.90,2.55
casquette,cap,5.18,1.97,3.16,2.19,5.24,1.52,3.12,2.23,5.14,2.31,3.19,2.20
casserole,pot,4.65,1.90,3.11,2.00,4.59,1.87,3.18,2.16,4.70,1.98,3.05,1.90
cassette ,cassette,5.19,1.78,3.19,2.05,5.06,2.01,3.41,2.09,5.30,1.59,3.00,2.05
castor,beaver,5.67,1.64,3.78,2.26,5.38,0.74,2.75,1.98,5.70,1.71,3.90,2.28
catalyse,catalysis,4.54,1.70,4.08,2.27,4.67,1.44,3.25,2.09,4.52,1.75,4.23,2.28
catholique,Catholic,4.61,1.85,3.94,2.51,3.78,1.92,5.33,2.78,4.72,1.83,3.75,2.43
cauchemar,nightmare,2.08,1.69,6.27,2.51,2.71,2.02,5.88,1.90,1.55,1.15,6.60,2.95
ceinture,belt,5.40,1.34,3.30,2.28,5.83,1.54,4.33,2.45,5.16,1.17,2.72,1.99
céleri,celery,4.54,1.85,2.96,1.96,4.25,1.49,2.75,1.98,4.58,1.89,2.99,1.97
cendrier,ashtray,3.27,2.27,4.86,2.71,3.18,2.16,5.29,2.62,3.35,2.41,4.50,2.80
cercle ,circle,5.47,1.36,3.03,2.25,5.56,1.87,3.06,2.30,5.40,0.75,3.00,2.27
cerf,deer,6.46,1.37,4.08,2.45,6.59,1.28,4.41,2.06,6.35,1.46,3.80,2.76
cerf-volant,kite,5.92,1.71,3.97,2.44,6.00,1.58,3.06,2.16,5.85,1.84,4.75,2.45
cerise,cherry,7.24,1.92,5.08,2.35,7.35,1.66,4.71,2.47,7.15,2.16,5.40,2.26
certain,sure,6.00,1.60,4.27,2.23,6.08,1.31,4.42,2.39,5.98,1.65,4.25,2.22
cerveau,brain,6.71,1.53,5.21,2.57,7.00,1.41,4.00,2.12,6.68,1.55,5.37,2.59
chagrin,grief,1.90,1.20,4.10,2.95,2.67,1.46,4.78,2.39,1.47,0.76,3.72,3.20
chaîne,chain,4.24,1.92,3.63,2.32,3.76,1.56,4.71,2.44,4.62,2.13,2.76,1.84
chaise,chair,5.41,1.40,2.76,1.75,5.76,1.20,3.12,2.03,5.10,1.52,2.45,1.47
chaleur,heat,7.16,1.72,5.43,2.85,6.53,1.62,4.24,2.75,7.70,1.66,6.45,2.58
chambre,room,7.14,1.51,4.94,2.94,7.00,1.53,5.78,2.56,7.22,1.52,4.47,3.08
chameau,camel,5.68,1.86,4.19,2.96,5.18,1.33,3.59,2.92,6.10,2.15,4.70,2.98
champ ,field,6.22,1.68,4.00,2.45,5.89,1.45,4.50,2.31,6.41,1.79,3.72,2.52
champignon,mushroom,5.41,2.20,3.53,2.71,5.59,1.94,3.59,2.92,5.25,2.45,3.47,2.59
chance,chance,7.76,1.55,6.54,2.60,7.33,1.46,5.89,2.81,8.00,1.57,6.91,2.44
changement,change,5.89,1.74,6.27,2.16,5.50,0.76,4.63,2.62,5.93,1.82,6.45,2.05
chant,melody,6.66,1.66,5.00,2.32,6.44,1.79,4.67,2.38,6.78,1.60,5.19,2.31
chaos,chaos,2.05,1.83,6.78,2.64,4.17,2.59,7.00,2.04,1.66,1.36,6.74,2.75
chapeau,hat,5.46,1.95,2.92,2.37,5.94,1.52,3.35,2.55,5.05,2.21,2.55,2.21
chariot,cart,4.92,1.16,3.47,2.03,5.11,0.33,4.33,2.00,4.90,1.22,3.35,2.02
charrette,wagon,5.28,1.40,3.56,2.15,5.28,1.56,4.00,2.11,5.28,1.33,3.31,2.16
chasse,hunting,3.27,2.45,4.05,2.91,4.29,2.42,3.82,2.94,2.40,2.16,4.25,2.94
chat,cat,6.26,2.56,5.21,2.52,5.71,2.52,5.35,2.50,6.71,2.57,5.10,2.59
châtaigne,chestnut,6.18,2.00,3.95,2.60,6.12,1.76,3.88,2.67,6.24,2.21,4.00,2.61
château ,castle,6.86,1.57,5.52,2.39,7.00,1.57,6.06,2.48,6.78,1.58,5.22,2.32
chaud,warm,7.37,1.23,5.22,2.50,5.75,1.39,4.75,2.05,7.55,1.08,5.27,2.55
chaussette,sock,4.68,1.93,2.54,2.19,4.29,1.76,3.00,2.32,5.00,2.05,2.15,2.06
chaussure,shoe,6.92,2.14,4.53,3.16,6.24,1.82,3.18,2.32,7.48,2.25,5.62,3.37
cheminée,chimney,6.16,2.22,4.08,2.73,6.24,1.92,3.35,2.45,6.10,2.49,4.67,2.87
chemise,shirt,5.92,1.69,3.41,2.25,6.18,1.78,3.65,2.21,5.70,1.63,3.20,2.33
chemisier,blouse,6.32,1.77,4.26,2.64,6.41,1.97,4.82,3.32,6.24,1.64,3.81,1.89
chenille,caterpillar,4.24,2.19,4.14,2.74,4.56,2.23,4.78,2.58,4.06,2.18,3.78,2.80
cheval,horse,6.02,2.13,4.86,2.49,4.83,1.58,4.22,1.83,6.69,2.13,5.22,2.76
cheveux,hair,6.42,2.16,3.89,2.37,6.00,2.06,3.58,2.35,6.76,2.23,4.14,2.41
chèvre,goat,5.31,2.16,3.56,2.72,5.81,1.42,2.94,2.49,4.90,2.57,4.05,2.86
chien,dog,6.71,2.12,4.97,3.08,6.53,2.29,4.65,2.91,6.86,2.01,5.24,3.25
chiffre,number,4.68,1.94,3.81,2.54,5.18,2.19,4.00,2.45,4.25,1.65,3.65,2.66
chignon ,bun,5.19,1.80,3.57,2.22,4.71,1.45,3.12,1.76,5.58,1.99,3.93,2.52
chiot,puppy,7.34,1.78,6.06,2.44,6.39,1.88,4.44,2.43,7.88,1.50,6.97,1.94
chips,potato chip,6.84,1.80,5.03,2.43,6.94,1.78,5.12,2.26,6.75,1.86,4.95,2.63
chocolat,chocolate,7.68,1.39,6.12,2.50,7.22,1.52,5.94,2.69,7.94,1.27,6.22,2.43
chou,cabbage,5.54,2.19,3.73,2.61,5.12,2.12,3.41,2.35,5.90,2.25,4.00,2.85
cicatrice ,scar,2.97,1.86,4.59,2.66,3.41,2.12,5.00,2.42,2.60,1.57,4.25,2.86
ciel,sky,7.11,1.74,4.27,2.67,7.47,1.42,5.24,2.82,6.81,1.96,3.45,2.31
cigale,cicada,5.65,2.37,4.22,2.45,5.71,2.44,4.47,2.40,5.60,2.37,4.00,2.53
cigare,cigar,4.05,2.61,4.86,2.51,4.82,2.56,5.06,2.25,3.40,2.54,4.70,2.75
cigarette,cigarette,3.52,2.68,3.62,2.83,4.22,2.44,5.06,2.69,3.13,2.77,2.81,2.61
cil,eyelash,5.30,1.28,3.36,2.28,5.00,1.24,3.78,2.34,5.47,1.29,3.13,2.25
cintre,coat-hanger,4.65,1.25,2.51,2.12,4.41,1.42,2.65,2.06,4.85,1.09,2.40,2.21
circuit ,circuit,5.49,1.54,4.05,2.54,5.41,0.94,3.41,2.27,5.55,1.93,4.60,2.68
cirque,circus,6.57,2.13,5.57,2.53,7.12,1.76,4.88,2.74,6.10,2.34,6.15,2.25
ciseaux,scissors,4.49,1.54,2.95,2.13,4.41,1.42,2.65,2.00,4.55,1.67,3.20,2.26
cité,city,4.70,1.33,4.47,2.37,4.00,1.87,5.11,3.18,4.79,1.23,4.38,2.25
citoyen,citizen,6.19,1.36,4.23,2.04,5.75,1.49,3.00,2.14,6.24,1.35,4.37,2.00
citron,lemon,4.95,1.99,4.49,2.56,5.35,1.62,4.53,2.62,4.60,2.23,4.45,2.56
citrouille,pumpkin,5.26,1.91,3.37,2.14,4.71,1.83,3.41,1.94,5.71,1.90,3.33,2.33
clair,light,6.83,1.49,3.97,2.06,7.00,1.28,4.42,2.31,6.80,1.53,3.89,2.02
classe,class,5.31,1.56,3.94,2.07,5.33,1.00,4.56,2.19,5.31,1.62,3.85,2.06
classeur ,box file,4.26,1.88,2.71,1.99,4.59,2.03,2.88,1.83,4.00,1.76,2.57,2.13
classique,classic,5.18,1.39,3.35,1.87,5.00,0.93,3.13,1.89,5.20,1.44,3.38,1.88
clef,key,5.62,1.50,3.14,2.14,5.76,1.71,3.53,2.18,5.50,1.32,2.80,2.09
clémence,clemency,6.82,1.73,3.57,2.15,6.67,1.37,3.83,2.52,6.84,1.80,3.52,2.09
cloche,bell,5.16,1.94,3.22,2.29,5.35,2.12,3.71,2.14,5.00,1.81,2.80,2.38
clou,nail,4.26,1.77,3.11,2.19,5.12,1.58,3.59,2.09,3.57,1.63,2.71,2.24
clown,clown,4.55,2.44,4.47,2.90,4.82,2.30,4.53,2.72,4.33,2.58,4.43,3.11
coccinelle,ladybug,7.19,1.56,4.32,2.63,7.18,1.33,4.71,2.37,7.20,1.77,4.00,2.85
cochon,pig,5.48,1.75,3.86,2.27,5.50,1.79,4.17,2.31,5.47,1.76,3.69,2.26
code,code,4.94,1.29,4.22,2.29,4.56,2.19,4.44,2.51,4.99,1.14,4.19,2.27
coeur,heart,7.03,2.10,5.81,2.63,6.12,2.32,5.29,2.26,7.80,1.58,6.25,2.90
coffre,safe,5.73,1.81,4.00,2.47,6.06,1.98,3.65,2.76,5.45,1.64,4.30,2.23
coin,corner,4.50,1.13,3.02,2.16,4.44,1.10,3.61,2.23,4.53,1.16,2.69,2.09
col ,collar,4.97,0.99,2.81,2.18,4.94,1.25,2.88,2.20,5.00,0.73,2.75,2.22
colère,anger,2.78,2.06,6.28,2.50,3.71,2.47,6.35,1.87,2.00,1.21,6.22,2.98
colle ,glue,4.86,1.25,3.19,2.12,5.24,0.90,3.53,2.27,4.55,1.43,2.90,2.00
collier,necklace,6.49,1.56,4.70,1.91,5.88,1.65,4.18,1.78,7.00,1.30,5.15,1.95
colonne,column,4.97,0.99,2.14,1.67,4.71,1.26,2.12,1.73,5.20,0.62,2.15,1.66
commerce,business,5.24,1.81,4.91,2.53,5.25,0.46,3.00,1.85,5.24,1.90,5.13,2.52
commode,dresser,4.76,1.61,3.22,2.56,4.47,2.12,3.53,2.60,5.00,0.97,2.95,2.56
compas,compass,4.52,1.29,3.48,2.10,4.75,0.87,3.33,2.19,4.48,1.36,3.51,2.10
composition,composition,6.38,1.45,4.49,2.37,6.44,1.51,3.78,2.33,6.37,1.45,4.59,2.38
concept,concept,5.77,1.39,4.20,2.30,5.63,1.41,3.13,2.03,5.79,1.39,4.32,2.31
concombre,cucumber,5.61,1.73,3.64,2.09,5.67,1.50,4.50,2.39,5.60,1.77,3.49,2.02
confort,comfort,7.90,1.21,2.70,2.19,7.89,1.05,2.56,1.59,7.90,1.24,2.72,2.26
conseil,advice,6.34,1.76,4.24,2.22,5.65,1.73,3.88,2.15,6.90,1.61,4.52,2.29
conte ,story,6.92,1.52,4.73,2.08,6.88,1.54,4.88,2.45,6.95,1.54,4.60,1.76
coq,rooster,4.46,1.85,2.92,2.19,4.76,1.60,3.65,1.93,4.20,2.04,2.30,2.25
coquillage ,shell,6.50,1.64,4.26,2.62,5.50,1.69,3.67,2.28,7.06,1.34,4.59,2.78
cor,horn,4.34,1.76,3.88,2.11,4.43,1.40,3.24,1.90,4.33,1.80,3.95,2.13
corbeille,basket,4.11,1.58,3.00,1.90,4.71,1.10,3.29,1.86,3.60,1.76,2.75,1.94
corde,rope,3.34,1.94,3.18,2.10,3.41,1.91,3.35,2.21,3.29,2.00,3.05,2.06
corne ,horn,4.82,2.19,3.92,2.79,5.47,2.12,4.65,2.78,4.29,2.15,3.33,2.73
costume,suit,5.74,1.42,4.57,2.27,6.17,1.40,4.25,2.53,5.66,1.42,4.63,2.23
cou ,neck,5.59,2.27,4.41,3.06,5.76,1.79,4.06,3.23,5.45,2.65,4.70,2.96
coude ,elbow,4.73,1.37,3.08,2.23,5.06,1.25,3.41,2.15,4.45,1.43,2.80,2.31
couleur,color,7.24,1.62,4.74,2.69,6.65,1.58,4.06,2.61,7.71,1.52,5.29,2.69
cour,playground,5.26,1.40,3.88,2.03,5.11,1.23,4.06,1.70,5.34,1.49,3.78,2.21
courage,bravery,6.89,1.84,5.31,2.46,7.06,1.68,5.00,2.76,6.75,2.00,5.57,2.21
couronne,crown,5.53,1.97,4.24,2.39,5.65,1.66,4.06,2.22,5.43,2.23,4.38,2.56
cours,lesson,5.18,1.35,4.05,2.05,5.25,0.46,3.00,1.77,5.17,1.41,4.17,2.06
course,race,5.86,2.09,5.48,2.80,6.83,1.98,6.50,2.64,5.31,1.97,4.91,2.76
court,short,4.57,1.49,3.84,1.81,5.17,1.34,3.75,2.42,4.46,1.50,3.86,1.70
couteau,knife,3.74,2.26,4.74,2.88,3.76,2.22,5.29,2.85,3.71,2.35,4.29,2.90
coutume,custom,6.06,1.31,4.49,2.29,6.00,1.41,4.44,1.88,6.07,1.31,4.50,2.35
crabe,crab,6.24,1.94,4.76,2.72,6.88,1.73,5.24,2.44,5.70,1.98,4.35,2.94
craie ,chalk,4.70,1.20,2.95,1.93,4.47,1.07,2.47,1.84,4.90,1.29,3.35,1.95
crainte,fear,2.33,1.25,5.82,2.38,3.13,1.55,4.38,2.56,2.24,1.19,5.99,2.32
crâne,skull,4.60,1.58,4.01,2.23,5.17,1.40,4.08,2.54,4.49,1.60,4.00,2.19
cravate,tie,5.24,2.11,3.89,2.88,5.12,2.06,3.24,2.80,5.35,2.21,4.45,2.89
crayon,pencil,5.24,2.05,3.55,2.33,5.65,2.06,3.35,2.45,4.90,2.02,3.71,2.28
création,creation,7.62,1.24,6.14,2.28,7.11,1.45,5.22,2.54,7.69,1.20,6.27,2.24
crèche,day-care center,5.55,2.13,3.95,2.64,5.47,1.50,3.82,2.46,5.62,2.56,4.05,2.84
crème,cream,6.27,1.71,4.08,2.33,6.24,2.11,4.18,2.48,6.30,1.34,4.00,2.25
crêpe ,pancake,7.82,1.55,6.14,2.43,7.50,1.34,5.94,2.34,8.00,1.65,6.25,2.51
creux,cavity,4.00,1.41,3.61,1.79,3.88,1.46,3.13,1.89,4.01,1.42,3.66,1.79
crevette ,shrimp,4.89,2.18,3.76,2.60,5.06,1.71,3.65,2.80,4.75,2.55,3.85,2.48
cricket,cricket,4.73,1.63,3.83,2.07,5.50,1.73,4.42,2.97,4.58,1.58,3.72,1.88
crise,crisis,2.04,1.21,6.23,2.63,3.11,1.36,4.56,2.74,1.90,1.12,6.46,2.55
crocodile,crocodile,4.45,1.91,5.08,2.84,4.47,1.66,5.06,2.93,4.43,2.13,5.10,2.84
croissant,croissant,7.08,1.79,4.32,2.66,6.94,1.82,4.53,2.50,7.20,1.79,4.15,2.83
croix ,cross,4.35,2.10,3.68,2.71,4.71,2.11,4.29,2.89,4.05,2.09,3.15,2.50
croyance,belief,5.08,2.15,3.54,2.60,4.76,2.14,3.94,2.63,5.35,2.18,3.20,2.59
cruauté,cruelty,1.66,1.57,6.80,2.53,2.25,1.49,7.13,2.03,1.59,1.57,6.76,2.59
cruche,pitcher,4.04,1.75,3.89,2.06,4.50,1.51,3.75,2.42,3.95,1.79,3.92,2.00
cube ,cube,5.38,1.14,2.95,1.93,5.53,1.55,3.76,2.05,5.25,0.64,2.25,1.55
cuillère,spoon,5.22,1.08,2.43,1.77,5.29,0.92,2.47,1.66,5.15,1.23,2.40,1.90
cuisine ,kitchen,6.84,1.94,5.51,2.89,6.35,1.66,4.35,2.78,7.25,2.10,6.50,2.67
cuisinière,stove,5.62,1.92,3.92,2.56,6.06,1.95,4.59,2.58,5.25,1.86,3.35,2.48
cuisson,cooking,6.06,1.58,4.47,2.17,5.67,1.32,4.67,1.58,6.12,1.62,4.44,2.25
cupidité,cupidity,3.35,1.90,4.88,2.32,3.63,1.41,3.50,1.85,3.31,1.95,5.04,2.33
cure,therapy,4.60,1.91,4.01,2.11,4.92,1.73,3.92,2.27,4.54,1.95,4.03,2.10
cygne,swan,6.52,1.52,3.98,2.49,5.83,1.42,4.06,2.46,6.91,1.44,3.94,2.54
danger,danger,3.59,2.58,6.89,2.07,4.29,2.69,6.65,1.93,3.00,2.38,7.10,2.20
danseuse ,dancer,7.11,1.78,5.22,3.13,6.82,2.07,5.12,3.22,7.35,1.50,5.30,3.13
date,date,5.24,1.51,3.76,2.39,5.33,0.69,4.67,2.06,5.19,1.83,3.23,2.43
dauphin,dolphin,7.08,1.89,5.08,2.86,7.18,1.55,5.00,2.52,7.00,2.18,5.15,3.18
dé,dice,4.58,1.91,3.66,2.16,5.00,2.15,4.24,2.46,4.24,1.67,3.19,1.81
début,start,6.43,1.51,4.56,2.68,5.33,0.71,4.67,2.29,6.57,1.53,4.54,2.75
délicat,delicate,6.70,1.60,3.30,2.09,6.25,1.39,3.13,1.89,6.75,1.63,3.32,2.12
demande,question,5.32,1.46,4.46,2.12,5.08,1.38,4.17,2.48,5.36,1.48,4.52,2.07
démon,demon,2.36,1.86,6.32,2.40,4.33,1.80,6.11,1.45,2.12,1.71,6.34,2.50
dent ,tooth,4.08,1.75,3.43,2.50,4.53,1.33,3.41,2.00,3.70,2.00,3.45,2.91
désagréable,unpleasant,1.76,1.34,5.52,2.54,2.13,1.46,5.63,2.67,1.72,1.33,5.51,2.55
désordre,disorder,3.14,1.94,5.60,2.59,3.67,2.10,4.75,2.63,3.05,1.91,5.75,2.57
destin,destiny,6.45,1.72,5.14,2.19,5.56,1.74,5.00,2.29,6.57,1.70,5.16,2.19
dévotion,devotion,5.59,1.90,4.47,2.19,4.88,1.46,4.00,2.67,5.67,1.94,4.53,2.14
diable ,devil,3.57,2.62,6.05,2.43,4.94,3.01,6.18,2.21,2.40,1.50,5.95,2.65
dieu,god,4.35,2.38,4.35,3.34,4.35,2.71,5.59,3.71,4.35,2.13,3.30,2.66
difficulté,difficulty,2.99,1.91,6.00,2.26,3.67,1.78,5.42,2.54,2.86,1.92,6.11,2.21
digestion,digestion,4.79,1.42,3.53,2.12,4.67,1.58,3.67,1.73,4.81,1.41,3.51,2.18
dinosaure,dinosaur,5.86,2.28,4.76,2.68,6.82,2.10,5.65,2.69,5.05,2.14,4.00,2.49
disque ,record,6.58,1.64,4.80,2.54,6.22,1.83,4.61,2.83,6.78,1.52,4.91,2.40
distance,distance,3.03,1.66,4.47,2.44,4.25,1.04,3.50,2.33,2.89,1.66,4.58,2.45
distinction,distinction,5.27,1.44,4.26,2.04,5.33,1.44,4.08,2.31,5.26,1.45,4.30,2.01
docteur,doctor,4.43,2.14,3.92,2.81,4.35,1.97,4.29,2.59,4.50,2.33,3.60,3.02
doigt,finger,5.40,1.54,3.70,2.50,4.94,1.47,4.11,2.11,5.66,1.54,3.47,2.70
domino ,domino,4.61,1.75,2.47,1.74,4.82,1.47,2.94,1.89,4.43,1.96,2.10,1.55
dos,back,5.59,1.98,4.49,2.46,6.18,2.10,4.71,2.71,5.10,1.77,4.30,2.27
douceur,gentleness,7.76,1.28,5.14,2.69,7.47,1.37,5.41,2.53,8.00,1.17,4.90,2.86
douche,shower,6.76,1.74,4.27,2.93,6.71,1.49,4.29,2.80,6.80,1.96,4.25,3.11
douleur,pain,1.86,1.36,5.56,2.89,2.83,1.69,6.17,2.28,1.31,0.69,5.22,3.16
doute,doubt,3.11,1.73,5.16,2.41,3.12,2.00,5.41,2.24,3.10,1.52,4.95,2.58
doux,sweet,7.83,1.17,2.81,2.21,6.89,1.45,2.22,1.30,7.96,1.08,2.88,2.30
douze,twelve,5.11,1.07,2.95,2.28,5.18,1.13,2.94,2.56,5.05,1.05,2.95,2.09
dragon ,dragon,6.18,2.38,4.79,2.96,7.00,2.18,5.47,3.18,5.52,2.38,4.24,2.72
drap ,sheet,5.84,1.40,3.89,2.73,5.53,1.12,3.18,2.60,6.10,1.59,4.50,2.74
drapeau,flag,5.16,2.09,3.11,2.36,5.59,1.91,4.31,2.44,4.80,2.21,2.15,1.84
dur,hard,3.87,1.98,4.77,2.41,4.75,1.16,3.25,2.31,3.77,2.03,4.94,2.38
eau,water,6.59,1.69,3.70,2.57,6.65,1.62,3.18,2.90,6.55,1.79,4.15,2.23
échange,exchange,6.18,2.13,5.11,2.04,5.76,2.28,4.88,2.06,6.52,1.99,5.29,2.05
écharpe,scarf,5.27,1.20,3.60,1.66,5.00,0.85,3.42,1.98,5.32,1.25,3.63,1.61
échelle,ladder,4.70,1.25,3.50,2.36,5.00,0.77,4.39,2.48,4.53,1.44,3.00,2.17
éclair ,lightning bolt,5.05,3.04,4.71,3.46,6.18,2.92,5.41,3.39,4.14,2.89,4.14,3.50
école,school,4.87,2.46,4.39,2.60,4.88,2.29,4.12,2.67,4.86,2.65,4.62,2.60
écologie,ecology,6.90,1.71,4.48,2.51,5.78,1.99,5.78,2.39,7.04,1.63,4.31,2.49
économie,economics,5.35,2.12,4.16,2.15,5.63,0.92,3.38,2.20,5.32,2.22,4.25,2.14
économique,economical,5.31,2.05,4.40,2.42,5.08,1.88,4.75,2.77,5.35,2.09,4.34,2.37
écran ,screen,5.92,1.72,4.32,2.63,5.82,1.78,3.71,2.80,6.00,1.72,4.85,2.41
écrou,nut,4.59,1.13,3.07,1.84,4.11,1.76,3.67,2.00,4.66,1.02,2.99,1.82
écureuil,squirrel,7.19,1.27,4.35,2.41,7.35,0.86,5.18,2.63,7.05,1.54,3.65,2.01
effort,effort,6.03,2.20,5.24,2.68,5.41,1.94,5.71,2.31,6.55,2.33,4.85,2.96
égalité,egality,7.76,1.37,5.25,2.43,7.00,1.51,5.50,2.56,7.85,1.34,5.23,2.43
église,church,3.57,2.33,2.46,2.26,3.94,2.44,2.65,2.37,3.25,2.24,2.30,2.20
égo,ego,4.64,1.90,4.44,2.15,5.25,1.29,4.25,2.14,4.52,1.98,4.48,2.17
électricité,electricity,5.55,1.81,4.61,2.64,5.47,1.84,5.12,2.98,5.62,1.83,4.19,2.32
élément,component,5.38,1.18,3.43,2.03,5.78,1.99,4.22,2.05,5.32,1.04,3.32,2.02
éléphant,elephant,6.03,1.65,3.76,2.40,5.82,2.04,3.47,2.45,6.19,1.29,4.00,2.39
énergie,energy,7.77,1.48,7.19,2.52,7.25,1.67,6.25,2.82,7.83,1.46,7.30,2.48
enfant,child,6.71,2.25,5.58,3.00,6.65,1.77,5.59,2.92,6.76,2.62,5.57,3.14
enfer,hell,3.00,2.36,5.86,2.50,4.06,2.61,6.47,1.77,2.10,1.71,5.35,2.92
ennui,boredom,2.59,1.79,3.86,2.65,3.24,2.08,4.82,2.32,2.05,1.32,3.05,2.68
entrain,drive,6.51,1.71,5.43,2.29,6.17,1.27,4.75,2.26,6.58,1.77,5.56,2.29
entraînement,training,6.23,1.59,5.26,2.47,5.78,2.17,5.33,1.80,6.29,1.51,5.25,2.55
enveloppe,envelope,5.27,1.91,3.41,2.47,5.65,1.77,3.65,2.18,4.95,2.01,3.20,2.73
épée ,sword,5.43,2.09,4.27,2.72,6.47,1.62,4.82,2.67,4.55,2.06,3.80,2.75
équilibre,stability,6.08,1.95,4.27,2.77,6.59,1.84,3.82,2.86,5.65,1.98,4.65,2.70
équité,equity,7.22,1.35,4.57,2.32,5.50,0.76,3.63,2.20,7.41,1.26,4.68,2.32
erreur,error,2.14,1.34,5.30,2.55,2.24,1.39,5.53,2.15,2.05,1.32,5.10,2.88
escalier ,stairs,4.62,1.52,3.41,2.39,4.65,0.79,2.53,2.03,4.60,1.96,4.15,2.46
escargot,snail,4.70,2.21,2.68,2.33,5.35,2.29,3.00,2.37,4.15,2.03,2.40,2.33
espérance,hope,7.43,2.03,5.12,2.68,7.25,2.18,4.42,2.78,7.46,2.02,5.25,2.66
espoir,hope,7.68,2.01,6.19,2.97,7.53,2.10,6.82,2.86,7.80,1.99,5.65,3.03
esprit,spirit,6.74,1.81,4.52,2.52,6.44,2.35,4.89,2.67,6.78,1.74,4.47,2.52
esquimau ,choc-ice,5.59,1.89,3.03,2.06,5.88,1.90,3.88,2.20,5.35,1.90,2.30,1.66
essence,gas,3.38,1.77,3.76,2.50,3.65,2.06,3.76,2.80,3.15,1.50,3.75,2.29
estimation,assesment,5.41,1.59,4.11,2.31,5.38,1.51,2.00,1.85,5.41,1.61,4.35,2.25
été,summer,8.42,1.03,6.92,2.83,7.75,1.42,5.33,3.17,8.54,0.90,7.22,2.69
étiquette ,label,4.24,1.38,2.78,1.99,4.47,1.42,2.71,2.02,4.05,1.36,2.85,2.01
étoile,star,7.65,1.23,5.14,2.51,7.65,1.00,5.94,1.75,7.65,1.42,4.45,2.87
étroit,narrow,4.01,1.57,4.09,2.24,5.22,1.92,4.78,1.79,3.85,1.46,4.00,2.29
étude,study,6.77,1.36,4.96,2.27,6.75,1.28,4.13,2.70,6.77,1.38,5.06,2.22
évènement,event,6.69,1.56,5.94,2.51,6.25,1.54,5.50,3.23,6.77,1.56,6.02,2.37
éventail,fan,5.42,2.01,3.16,2.18,5.47,1.74,2.94,1.92,5.38,2.25,3.33,2.39
évier ,kitchen sink,4.19,1.54,2.46,1.97,4.29,1.45,2.59,2.06,4.10,1.65,2.35,1.93
excuse,excuse,5.03,2.50,3.65,2.50,5.00,2.26,3.24,2.59,5.05,2.74,4.00,2.43
face ,face,5.05,1.18,3.65,2.21,5.18,0.81,3.76,1.86,4.95,1.43,3.55,2.52
facilité,ease,6.88,1.69,3.88,2.35,5.44,1.94,3.67,1.66,7.07,1.58,3.91,2.44
faculté,faculty,6.48,1.31,4.63,2.06,6.13,1.25,3.38,1.85,6.52,1.32,4.77,2.05
fainéant,lazy,4.78,2.31,4.45,2.38,5.00,2.30,3.75,2.38,4.74,2.33,4.58,2.38
famille,family,6.97,2.75,6.00,2.48,6.82,2.72,5.41,2.74,7.10,2.85,6.50,2.19
fanfare,brass band,6.11,2.23,5.41,2.33,6.12,2.09,5.29,2.08,6.10,2.40,5.50,2.56
fantasme,fantasy,7.55,1.26,6.87,2.30,7.78,0.97,6.89,2.57,7.51,1.30,6.87,2.28
fantôme,ghost,4.59,2.48,5.30,2.93,5.47,1.84,4.24,2.68,3.85,2.74,6.20,2.89
faon ,fawn,6.19,1.52,3.78,1.92,6.35,1.37,4.35,1.69,6.05,1.67,3.30,2.00
fatigue,tiredness,2.52,1.30,3.10,2.60,2.94,1.26,4.06,2.41,2.28,1.28,2.56,2.58
faute,mistake,2.95,1.75,5.16,2.66,3.24,2.14,6.06,2.61,2.70,1.34,4.40,2.52
faveur,favor,6.51,1.62,4.46,2.03,6.25,1.58,3.63,2.20,6.54,1.64,4.55,2.01
fée ,fairy,6.81,1.76,4.76,2.45,6.65,2.18,4.76,2.41,6.95,1.36,4.75,2.55
féminine,feminine,7.60,1.38,5.52,2.54,6.75,1.91,5.92,2.68,7.75,1.21,5.45,2.53
femme ,woman,7.39,1.78,5.59,3.11,8.29,1.16,7.00,2.67,6.67,1.88,4.46,3.02
fenêtre,window,5.74,1.24,3.22,1.79,5.39,1.46,3.61,1.75,5.94,1.08,3.00,1.80
fer,iron,4.79,2.09,4.05,2.60,5.06,1.89,4.71,2.80,4.57,2.27,3.52,2.36
fermeture,closure,3.62,1.91,3.19,2.40,3.59,1.73,3.12,2.09,3.65,2.08,3.25,2.69
féroce,ferocius,3.32,1.91,6.75,2.20,4.44,1.51,7.00,1.73,3.18,1.92,6.72,2.26
fertilité,fertility,6.03,2.75,5.22,2.55,6.13,1.64,4.38,2.33,6.01,2.86,5.31,2.57
fête,party,8.34,1.21,7.63,2.43,7.76,1.56,6.94,2.68,8.81,0.51,8.19,2.11
feu,traffic light,6.03,2.44,5.30,2.73,6.88,1.90,6.29,2.28,5.30,2.66,4.45,2.84
feuille,leaf,5.92,1.79,3.73,2.17,6.59,1.91,4.47,2.50,5.35,1.50,3.10,1.65
fève ,lucky charm,5.78,1.87,4.43,2.36,5.88,1.58,4.65,2.34,5.70,2.13,4.25,2.43
fidélité,faithfulness,8.03,1.12,4.51,2.77,7.00,1.12,3.89,2.20,8.16,1.06,4.59,2.83
fièvre,fever,1.97,1.73,3.68,2.91,2.12,1.87,4.41,2.81,1.86,1.65,3.10,2.93
fil,thread,5.05,1.33,3.14,2.20,5.53,1.18,3.47,2.48,4.65,1.35,2.85,1.95
fille ,girl,5.97,2.05,4.49,2.76,6.76,2.17,5.24,3.03,5.30,1.72,3.85,2.39
film,movie,7.78,1.25,6.08,2.50,7.24,1.39,6.29,2.34,8.25,0.91,5.90,2.67
flèche,arrow,5.32,1.55,4.00,2.49,5.59,1.42,4.29,2.91,5.10,1.65,3.75,2.12
fléchette,dart,4.97,1.55,3.49,2.46,5.35,1.66,3.82,2.38,4.65,1.42,3.20,2.55
fleur,flower,7.21,1.42,3.47,2.45,6.88,1.50,2.71,2.26,7.48,1.33,4.10,2.47
flocon,snowflake,7.03,1.95,5.49,2.72,6.65,1.93,5.53,2.32,7.35,1.95,5.45,3.09
flûte,flute,4.95,2.45,4.03,2.62,5.12,2.62,4.18,2.43,4.80,2.35,3.90,2.83
foin ,hay,5.30,1.98,3.35,2.73,5.00,1.84,3.41,2.62,5.55,2.11,3.30,2.89
folie,dementia,6.70,2.54,6.95,2.44,6.82,2.27,6.65,2.71,6.60,2.80,7.20,2.21
football,football,4.47,2.18,4.70,2.54,4.50,2.83,4.00,2.45,4.46,2.12,4.77,2.56
force,force,6.49,2.05,5.81,2.71,6.35,1.50,4.88,3.00,6.60,2.46,6.60,2.21
forêt,forest,6.57,1.69,4.00,2.58,6.94,1.39,4.65,2.67,6.25,1.89,3.45,2.44
forme,shape,5.81,1.51,3.32,2.56,5.35,1.37,3.00,2.40,6.20,1.54,3.60,2.72
fort,strong,7.04,1.75,6.26,2.31,6.83,1.85,5.42,3.15,7.08,1.74,6.42,2.12
fortune,wealth,6.99,1.69,5.70,2.46,6.22,2.39,5.78,2.17,7.09,1.57,5.69,2.51
fouet,whip,3.59,2.15,5.38,2.82,3.76,2.49,5.82,2.81,3.45,1.88,5.00,2.85
fourchette,fork,5.50,1.37,3.60,2.35,5.72,1.36,4.17,2.31,5.38,1.39,3.28,2.34
fourmi,ant,5.03,1.78,3.55,2.47,4.65,2.00,3.88,2.57,5.33,1.56,3.29,2.41
fraise,strawberry,7.27,1.57,4.81,2.39,7.29,1.31,5.82,2.16,7.25,1.80,3.95,2.28
framboise (mûre),raspberry,7.60,1.58,5.82,2.37,7.33,1.28,5.94,2.04,7.75,1.72,5.75,2.57
français,French,5.91,1.45,4.13,2.11,5.25,0.71,2.38,1.92,5.99,1.50,4.33,2.05
franchise,frankness,7.40,1.53,4.99,2.54,6.92,1.62,4.33,2.96,7.49,1.51,5.11,2.46
frein,brake,5.22,1.54,3.80,2.56,5.76,1.35,4.72,2.63,4.94,1.58,3.28,2.40
fréquence,frequency,4.87,1.18,3.86,2.23,4.89,1.76,4.67,1.58,4.86,1.10,3.75,2.29
frigidaire,refrigerator,5.81,2.12,3.73,2.47,5.53,1.77,3.47,2.45,6.05,2.39,3.95,2.52
frite,French fry,7.22,1.57,5.05,2.31,7.24,1.25,5.53,2.35,7.20,1.82,4.65,2.25
fromage,cheese,6.42,2.07,3.63,2.45,7.35,1.11,3.82,2.16,5.67,2.37,3.48,2.71
front,forehead,4.89,0.77,2.57,2.12,4.65,1.00,2.71,1.99,5.10,0.45,2.45,2.26
fruit,fruit,7.22,1.40,4.51,2.50,7.47,1.23,5.06,2.70,7.00,1.52,4.05,2.28
fumée,smoke,3.42,2.18,4.66,2.60,4.13,1.89,3.75,1.75,3.34,2.20,4.76,2.66
fusée,rocket,5.97,2.03,4.73,2.89,7.12,1.69,6.12,2.64,5.00,1.81,3.55,2.61
gaieté,gaiety,8.16,1.35,5.92,2.81,7.82,1.59,5.12,3.30,8.43,1.08,6.57,2.23
gant,glove,4.68,1.60,2.86,2.00,4.82,1.19,3.18,2.10,4.55,1.90,2.60,1.93
garage ,garage,5.05,1.60,3.32,2.08,5.65,1.54,3.71,1.69,4.55,1.50,3.00,2.36
garçon ,boy,6.51,1.97,4.62,2.97,5.18,1.70,3.18,2.48,7.65,1.39,5.85,2.83
gâteau,cake,7.57,1.72,6.05,2.16,7.18,1.81,5.76,2.25,7.90,1.62,6.30,2.11
gauche,left,5.06,1.63,3.02,2.29,5.22,1.11,3.33,1.94,4.97,1.87,2.84,2.48
gaufre,waffle,7.34,1.49,5.24,2.60,7.11,1.64,5.00,2.38,7.47,1.41,5.38,2.74
génie,genius,7.21,1.50,5.47,2.34,7.00,1.41,5.58,2.68,7.25,1.52,5.45,2.29
genre,type,5.20,0.73,3.41,1.96,5.00,0.00,4.22,1.86,5.23,0.77,3.31,1.96
gens ,people,5.11,2.17,4.65,2.68,5.12,1.87,4.29,2.57,5.10,2.45,4.95,2.80
gentillesse,kindness,8.11,1.39,4.47,2.98,7.65,1.77,4.00,2.50,8.48,0.87,4.86,3.32
geste,movement,5.24,1.34,3.49,2.06,4.76,1.20,2.76,2.08,5.65,1.35,4.10,1.89
gilet,vest,5.16,1.91,3.59,2.70,5.12,2.15,3.71,3.04,5.20,1.74,3.50,2.46
girafe,giraffe,6.02,1.81,4.28,2.51,5.33,1.64,4.11,2.25,6.41,1.81,4.38,2.67
glace,ice,7.06,1.83,5.50,2.45,6.72,1.71,5.28,2.54,7.25,1.90,5.63,2.43
gloire,fame,7.63,1.46,6.48,2.18,7.38,2.00,6.50,2.98,7.66,1.40,6.48,2.10
gomme ,eraser,4.92,1.32,2.58,1.90,4.61,1.20,2.72,1.90,5.09,1.38,2.50,1.92
gorge,throat,4.54,1.68,3.50,2.27,4.78,1.90,4.33,2.30,4.41,1.56,3.03,2.15
gorille,gorilla,5.41,1.89,4.32,2.80,5.88,1.76,4.29,2.87,5.00,1.95,4.35,2.81
gourde ,water bottle,5.22,1.73,3.39,2.21,5.26,1.88,3.82,2.19,5.19,1.66,3.05,2.22
goutte ,drop,5.11,2.52,3.29,2.07,5.94,2.33,2.71,1.90,4.43,2.52,3.76,2.12
grain ,grain,5.14,1.31,2.94,2.16,5.39,1.46,4.00,2.28,5.00,1.22,2.34,1.88
grand,big,6.14,1.62,4.75,2.40,6.08,1.44,4.50,2.39,6.15,1.66,4.80,2.41
grenouille,frog,5.62,1.80,3.95,2.41,6.12,1.65,3.82,2.43,5.20,1.85,4.05,2.46
griffe ,claw,4.78,2.14,4.22,2.39,5.61,2.03,5.06,2.39,4.31,2.09,3.75,2.30
grille-pain,toaster,5.22,1.65,3.47,2.33,5.00,1.37,2.82,2.13,5.41,1.87,4.03,2.40
grimace,grimace,5.49,2.34,4.32,2.58,5.41,2.29,3.71,2.31,5.55,2.44,4.85,2.74
groupe,group,5.81,1.76,4.54,2.04,6.24,1.75,4.59,1.73,5.45,1.73,4.50,2.31
grue,crane,4.93,1.14,3.64,2.02,5.22,1.56,4.33,1.66,4.89,1.08,3.55,2.06
guerre,war,2.38,1.74,5.68,2.79,3.18,2.04,5.82,2.38,1.70,1.08,5.55,3.15
guitare,guitar,6.46,1.86,5.14,2.51,6.53,1.50,4.41,2.09,6.40,2.16,5.75,2.71
gym,gym,6.05,1.93,5.33,2.53,5.63,0.92,4.00,1.85,6.10,2.02,5.48,2.56
hache,axe,4.51,2.27,3.81,2.33,5.76,1.68,4.71,2.17,3.45,2.19,3.05,2.24
haine,hate,1.56,1.16,7.06,2.45,2.17,1.80,7.25,1.96,1.58,1.45,7.03,2.54
harpe,harp,6.58,1.67,2.78,2.15,6.89,1.27,3.11,2.20,6.54,1.72,2.74,2.16
hélice,propeller,4.86,0.97,4.42,2.27,5.13,1.36,3.50,1.69,4.83,0.93,4.52,2.32
hélicoptère,helicopter,5.58,2.15,5.03,2.64,6.06,2.25,5.65,2.50,5.19,2.04,4.52,2.69
hérédité,heredity,5.29,1.65,3.92,1.96,5.33,1.44,4.17,2.37,5.28,1.69,3.88,1.89
hérisson ,hedgehog,6.22,1.73,3.92,2.47,6.82,1.33,4.12,2.26,5.70,1.89,3.75,2.67
heure,hour,4.14,1.83,3.76,2.24,4.00,1.21,4.25,2.35,4.24,2.21,3.38,2.13
hibou,owl,5.76,1.89,3.30,2.46,6.47,1.74,4.12,2.80,5.15,1.84,2.60,1.93
hier,yesterday,4.95,1.73,3.65,2.60,4.65,1.77,4.00,2.57,5.20,1.70,3.35,2.64
hippocampe,hippocampus,6.38,1.56,3.43,2.23,5.67,2.00,4.16,1.42,6.48,1.49,3.33,2.30
hippopotame,hippopotamus,6.13,1.74,4.04,2.27,6.25,1.75,4.13,1.96,6.11,1.75,4.03,2.31
homard,lobster,5.55,1.87,4.01,2.20,6.17,1.70,4.58,2.50,5.44,1.89,3.91,2.15
homme,man,6.86,2.18,5.97,2.88,6.00,2.09,4.53,3.18,7.60,2.01,7.20,1.94
horloge,clock,4.57,1.83,4.16,2.23,5.00,2.12,4.53,2.18,4.20,1.51,3.85,2.28
horreur,horror,3.72,2.87,5.20,2.86,5.56,2.62,4.94,2.58,2.69,2.49,5.34,3.03
hotte ,hood,5.43,1.46,4.11,2.46,5.59,1.66,4.35,2.57,5.30,1.30,3.90,2.40
houx,holly,5.66,1.32,3.66,2.07,5.00,0.50,4.00,1.58,5.75,1.38,3.61,2.14
huître,oyster,3.77,2.38,3.75,2.30,4.50,2.78,3.63,2.45,3.69,2.34,3.76,2.30
humeur,mood,6.53,1.67,5.05,2.43,6.00,1.81,3.83,3.04,6.63,1.64,5.28,2.26
humour,humor,8.43,1.28,6.24,2.71,8.06,1.71,6.71,2.59,8.75,0.64,5.85,2.81
hypothèse,hypothesis,5.45,1.16,3.90,2.04,5.22,1.20,4.44,2.19,5.49,1.17,3.82,2.02
idée,idea,7.00,1.70,5.00,2.89,7.18,1.55,5.41,3.48,6.85,1.84,4.65,2.30
île ,island,7.94,1.28,6.42,2.31,7.56,1.38,5.72,2.47,8.16,1.19,6.81,2.16
illusion,illusion,4.67,2.05,4.91,2.18,5.38,2.07,4.38,2.20,4.59,2.05,4.97,2.19
imagination,imagination,7.73,1.30,6.03,2.79,7.53,1.23,5.29,3.12,7.90,1.37,6.65,2.39
immensité,immensity,6.45,2.06,5.69,2.56,6.58,2.39,6.33,2.64,6.43,2.02,5.57,2.54
index,index,4.99,0.87,3.21,1.96,4.56,1.33,4.00,1.73,5.04,0.78,3.10,1.97
indien ,indian,5.81,1.66,4.00,2.32,6.06,1.52,4.71,2.26,5.60,1.79,3.40,2.26
infini,infinity,6.53,1.70,4.82,2.63,5.88,1.25,4.00,2.83,6.61,1.74,4.92,2.61
infirmière ,nurse,5.92,2.23,4.70,2.83,6.41,2.48,5.24,3.03,5.50,1.96,4.25,2.63
injustice,injustice,1.39,0.78,7.44,2.04,1.75,0.97,7.75,1.48,1.46,1.30,7.38,2.13
intelligence,intelligence,7.08,1.83,5.84,2.22,6.71,2.14,5.35,2.37,7.40,1.50,6.25,2.05
interrupteur,switch,4.83,0.75,3.66,2.25,4.78,0.67,3.78,1.86,4.84,0.77,3.65,2.31
intuition,intuition,7.11,1.33,5.09,2.23,6.25,1.04,4.88,2.42,7.21,1.33,5.11,2.23
ironie,sarcasm,6.16,1.99,5.73,2.25,6.50,1.98,6.08,2.19,6.09,2.00,5.66,2.27
isolement,isolation,2.09,1.33,4.47,2.83,3.89,0.93,4.56,1.67,1.85,1.19,4.46,2.96
jalousie,jealousy,2.68,1.91,6.18,2.92,3.89,1.81,5.94,2.60,2.00,1.63,6.31,3.12
jambe,leg,5.46,1.35,3.46,2.60,5.82,1.47,4.24,2.95,5.15,1.18,2.80,2.12
jambon ,ham,6.73,1.48,3.84,2.53,6.82,1.70,3.94,2.75,6.65,1.31,3.75,2.40
jardin,garden,6.81,1.75,3.89,2.62,6.94,1.56,4.53,2.76,6.70,1.92,3.35,2.43
jaune,yellow,5.89,1.31,3.95,2.04,5.76,0.90,3.94,2.05,6.00,1.59,3.95,2.09
jeu,play,7.70,1.15,6.70,2.18,7.88,1.05,6.65,2.34,7.55,1.23,6.75,2.10
jeune,young person,7.05,1.53,5.70,2.59,6.82,1.91,5.47,2.67,7.25,1.12,5.90,2.57
joie,joy,8.58,0.73,7.50,1.95,8.39,0.85,6.89,2.22,8.69,0.64,7.84,1.72
joli,pretty,7.85,1.18,5.27,2.41,7.75,1.58,5.75,1.58,7.86,1.14,5.21,2.49
jouet,toy,6.86,1.44,5.66,2.10,7.11,1.57,6.39,2.06,6.72,1.37,5.25,2.03
journal ,newspaper,4.97,1.82,3.30,2.36,5.35,1.93,3.06,2.49,4.65,1.69,3.50,2.28
jugement,judgement,4.03,1.79,4.91,2.23,5.33,1.23,4.58,2.61,3.78,1.78,4.97,2.17
jumelles,binoculars,5.68,2.43,3.82,2.81,6.29,2.20,3.82,2.63,5.19,2.54,3.81,3.01
jungle,jungle,6.59,2.20,5.49,2.92,7.53,1.62,5.88,2.96,5.80,2.35,5.15,2.92
jupe,skirt,6.30,2.12,4.65,2.67,6.06,2.19,4.65,2.98,6.50,2.09,4.65,2.46
jus ,juice,6.81,1.56,4.59,2.15,7.24,1.20,4.65,2.26,6.45,1.76,4.55,2.11
justice,justice,5.65,2.61,5.51,2.57,5.65,2.69,4.82,2.92,5.65,2.60,6.10,2.13
kangourou,kangaroo,6.57,1.80,4.95,3.14,6.24,1.30,4.29,3.04,6.85,2.13,5.50,3.20
klaxon ,horn,4.41,2.50,4.92,3.09,3.88,2.67,4.82,3.17,4.85,2.32,5.00,3.11
lacet ,shoelace,4.84,0.60,2.54,1.97,4.71,0.85,2.65,2.03,4.95,0.22,2.45,1.96
laid,ugly,2.53,1.42,4.05,2.33,3.00,2.40,4.89,2.89,2.47,1.25,3.94,2.25
laine,wool,5.61,2.18,2.92,2.21,5.65,1.93,2.41,1.77,5.57,2.40,3.33,2.48
laisse ,leash,4.52,1.58,3.32,2.35,4.61,1.24,3.83,2.20,4.47,1.76,3.03,2.42
lait,milk,5.47,2.51,3.08,2.15,6.12,1.90,3.06,1.78,4.95,2.85,3.10,2.45
laitue,lettuce,5.59,1.53,3.10,2.02,5.13,1.13,2.38,1.92,5.65,1.57,3.18,2.02
lampe,lamp,5.39,1.65,3.16,1.90,5.35,1.73,3.59,2.27,5.43,1.63,2.81,1.50
landau,baby carriage,5.59,2.39,3.78,2.58,5.12,2.26,3.71,2.37,6.00,2.47,3.85,2.81
langue ,tongue,6.22,1.75,4.92,2.64,6.29,1.53,3.71,2.42,6.15,1.95,5.95,2.42
lapin,rabbit,6.84,1.68,4.62,2.54,6.53,1.84,4.71,2.42,7.10,1.52,4.55,2.70
large,wide,4.52,1.49,3.66,2.09,4.67,0.78,3.67,2.35,4.49,1.59,3.66,2.06
larme ,tear,2.49,1.82,5.41,2.75,2.88,1.96,5.53,2.72,2.15,1.66,5.30,2.85
lassitude,lassitude,2.44,1.45,3.78,2.52,3.22,1.30,4.11,2.47,2.34,1.44,3.74,2.54
lavabo ,washbasin,5.04,1.16,2.74,1.85,4.83,0.99,3.28,1.99,5.16,1.25,2.44,1.72
léger,light,6.57,1.42,3.20,2.03,5.38,0.92,2.63,1.69,6.70,1.41,3.27,2.06
légume,vegetable,6.03,1.95,3.83,2.21,5.67,1.56,3.42,2.07,6.09,2.01,3.91,2.25
lent,slow,3.87,1.67,3.09,2.43,4.00,1.41,4.78,2.86,3.85,1.71,2.87,2.30
léopard,leopard,6.11,2.00,5.35,2.78,6.24,1.60,4.94,2.77,6.00,2.32,5.70,2.81
lettre ,letter,6.08,1.72,4.30,2.28,5.59,1.91,3.88,2.57,6.50,1.47,4.65,2.01
lèvres,lips,7.76,1.16,6.81,1.82,8.24,0.97,6.65,2.23,7.35,1.18,6.95,1.43
lézard,lizard,5.62,1.53,3.57,1.89,5.29,1.69,3.59,1.80,5.90,1.37,3.55,2.01
libellule,dragonfly,6.24,1.53,3.68,1.92,6.88,1.45,3.65,1.90,5.70,1.42,3.70,1.98
liberté,freedom,8.24,1.21,6.86,2.68,8.12,1.27,5.88,2.89,8.35,1.18,7.70,2.23
licence,permit,6.62,1.65,5.63,2.38,6.13,2.23,4.75,3.28,6.68,1.58,5.73,2.26
licorne ,unicorn,6.71,1.80,4.47,3.10,6.29,1.90,3.65,2.91,7.05,1.69,5.14,3.15
lieu ,place,5.14,1.48,3.22,2.30,5.12,1.45,2.94,2.11,5.15,1.53,3.45,2.48
ligne,line,4.92,1.23,3.06,2.30,5.06,1.43,4.28,2.76,4.84,1.11,2.38,1.68
limace ,slug,3.76,1.71,3.54,2.32,4.41,1.50,2.94,1.98,3.20,1.70,4.05,2.50
linge,linen,4.65,1.92,2.97,1.91,5.12,1.76,3.35,1.87,4.25,2.00,2.65,1.93
lion,lion,6.70,1.90,5.62,2.72,7.12,1.65,6.12,2.52,6.35,2.06,5.20,2.88
lionceau ,lion cub,6.79,1.99,4.89,2.69,6.59,1.97,4.00,2.52,6.95,2.04,5.62,2.65
lisse,smooth,5.21,1.22,3.26,2.07,5.25,1.22,2.92,2.02,5.20,1.23,3.32,2.08
lit,bed,8.34,1.12,4.84,3.48,8.12,1.11,4.18,3.23,8.52,1.12,5.38,3.65
livre,book,6.16,2.36,4.35,2.63,6.59,2.03,4.82,2.30,5.80,2.61,3.95,2.87
locomotive ,locomotive,5.65,1.87,4.08,2.52,5.94,1.98,4.41,2.76,5.40,1.79,3.80,2.33
loi,law,5.03,1.65,4.48,2.22,5.00,2.00,5.67,2.45,5.03,1.62,4.32,2.16
long,long,4.96,1.70,4.54,2.07,4.75,1.39,4.25,2.19,4.99,1.74,4.58,2.07
longue,long,5.00,1.62,4.09,2.31,5.50,0.90,3.75,2.53,4.91,1.71,4.15,2.28
louche,ladle,5.12,1.33,3.10,2.15,4.94,0.54,3.67,1.94,5.22,1.62,2.78,2.22
loup,wolf,5.54,2.49,5.35,2.50,6.65,1.69,5.76,2.33,4.60,2.70,5.00,2.64
loupe ,magnifying glass,4.33,1.51,2.44,1.55,4.74,1.14,2.78,1.68,4.00,1.70,2.19,1.44
lourd,heavy,3.38,1.33,4.05,2.36,4.44,0.73,4.00,2.00,3.24,1.33,4.06,2.42
luge,sled,6.80,1.62,5.48,2.66,6.72,1.78,5.11,2.87,6.84,1.55,5.69,2.56
lumière,light,6.97,1.50,5.24,2.39,7.24,1.25,5.12,2.55,6.75,1.68,5.35,2.30
lune,moon,6.92,2.03,3.57,2.49,7.06,2.16,3.13,2.73,6.81,1.97,3.90,2.30
lunettes,glasses,4.95,1.70,3.00,2.17,4.53,1.77,2.94,1.82,5.30,1.59,3.05,2.48
luxe,luxury,6.25,2.20,5.23,2.35,6.00,1.51,3.38,1.69,6.28,2.28,5.44,2.33
machine,machine,4.81,1.81,3.76,2.45,4.82,1.70,3.88,2.39,4.80,1.94,3.65,2.56
magicien ,magician,7.00,1.95,4.89,2.83,6.94,1.78,5.18,2.65,7.05,2.11,4.67,3.01
maillot,swimsuit,6.70,1.98,5.11,2.88,5.88,2.18,4.29,2.93,7.40,1.54,5.80,2.71
main,hand,6.05,1.60,4.64,2.44,5.88,1.22,3.65,2.29,6.20,1.88,5.53,2.27
maïs,corn,5.62,1.46,3.03,2.11,5.41,0.87,2.88,2.20,5.80,1.82,3.15,2.08
maison,house,7.08,1.84,4.84,2.66,6.35,2.15,3.88,2.47,7.67,1.32,5.62,2.60
maîtrise,mastery,6.51,1.71,4.27,2.39,7.00,1.71,5.75,3.17,6.42,1.71,4.00,2.14
mal,badly,1.74,1.19,5.83,2.52,3.67,1.32,5.44,2.01,1.49,0.91,5.88,2.58
maladie,illness,1.60,1.03,4.28,3.10,2.22,1.26,4.44,2.73,1.25,0.67,4.19,3.33
malédiction,curse,2.34,1.76,5.90,2.41,3.75,2.38,6.25,3.01,2.18,1.62,5.86,2.36
malheur,misfortune,1.92,1.48,4.35,2.92,1.94,1.64,5.24,2.80,1.90,1.37,3.60,2.87
malice,mischief,5.87,2.12,5.84,2.13,5.00,2.59,6.25,2.01,6.03,2.00,5.77,2.16
malle,trunk,5.05,1.30,3.45,2.30,4.67,1.00,4.00,2.12,5.10,1.33,3.38,2.33
manche,sleeve,4.98,1.36,2.68,1.99,5.33,0.91,3.44,1.76,4.78,1.54,2.25,2.02
manège ,merry-go-round,6.70,1.78,5.68,2.61,6.00,1.84,5.59,2.55,7.30,1.53,5.75,2.73
manque,lack,2.34,1.58,5.51,2.83,3.13,1.55,4.50,1.85,2.25,1.57,5.62,2.91
manteau,coat,5.63,2.45,3.61,2.34,5.82,1.74,3.29,2.02,5.48,2.94,3.86,2.59
mare,pool,4.94,1.45,3.46,2.14,4.83,1.58,3.94,2.10,5.00,1.39,3.19,2.15
marelle ,hopscotch,5.49,1.82,3.89,2.64,4.76,1.75,3.18,2.70,6.10,1.68,4.50,2.50
mariage,wedding,5.49,2.98,5.86,2.83,4.94,2.70,5.59,2.58,5.95,3.19,6.10,3.08
marin ,sailor,4.86,2.16,3.14,2.23,4.88,2.18,3.41,1.91,4.85,2.21,2.90,2.49
marteau,hammer,5.00,1.72,3.27,2.39,5.88,1.58,3.76,2.44,4.25,1.48,2.85,2.32
masque,mask,5.19,1.65,3.89,2.65,5.18,1.51,3.94,2.82,5.20,1.79,3.85,2.58
maths,math,4.46,2.71,3.95,2.39,5.24,2.54,3.71,2.20,3.80,2.75,4.15,2.58
matin,morning,4.11,2.63,4.57,2.84,4.41,2.83,5.12,2.89,3.85,2.50,4.10,2.79
méchanceté,wickedness,2.32,2.15,6.68,2.78,2.82,2.63,6.88,2.64,1.90,1.59,6.50,2.95
mèche ,drill bit,5.35,1.65,3.95,2.79,5.47,1.62,3.35,2.74,5.25,1.71,4.45,2.80
médaille ,medal,7.00,1.44,5.48,2.70,7.33,1.61,5.89,2.63,6.81,1.33,5.25,2.75
médecine,medicine,6.17,2.01,4.75,2.35,5.08,2.61,5.08,2.81,6.37,1.83,4.69,2.27
médicament ,medicine,3.12,1.98,3.42,2.33,3.94,2.18,4.28,2.47,2.66,1.72,2.94,2.14
méduse,jellyfish,3.06,1.77,4.62,2.96,3.22,1.66,4.17,2.53,2.97,1.84,4.88,3.19
mélange,mixture,6.21,1.69,4.51,2.37,6.56,1.88,4.11,2.20,6.16,1.67,4.56,2.40
mémoire,memory,6.86,1.56,4.85,2.27,5.88,1.73,4.38,2.77,6.97,1.51,4.90,2.22
mensonge,lie,2.62,2.15,5.78,2.92,3.47,2.67,5.71,2.97,1.90,1.25,5.85,2.94
menthe,mint,6.24,2.00,4.06,2.55,6.22,2.13,4.67,2.38,6.25,1.95,3.72,2.62
mer ,sea,7.54,2.14,6.19,2.56,6.82,2.60,6.00,2.52,8.15,1.46,6.35,2.64
mère,mother,7.08,2.25,5.16,2.86,6.22,2.32,4.83,2.96,7.56,2.09,5.34,2.84
mesure,measure,4.75,0.81,3.65,1.75,4.83,0.58,3.50,2.07,4.74,0.85,3.68,1.71
méthode,method,5.43,1.40,3.30,1.84,5.22,1.39,3.78,1.92,5.46,1.41,3.24,1.83
mètre ,tape measure,4.50,1.52,2.53,1.67,4.88,1.50,2.71,1.65,4.19,1.50,2.38,1.72
meuble,a piece of furniture,4.86,1.46,3.43,2.33,4.41,1.42,4.00,2.50,5.25,1.41,2.95,2.11
micro ,microphone,5.03,1.79,3.87,2.32,5.47,1.46,4.06,2.68,4.67,1.98,3.71,2.03
miette,crumb,4.36,1.50,3.28,2.09,4.56,1.04,3.39,1.88,4.25,1.70,3.22,2.22
minute,minute,4.92,1.36,3.91,2.05,4.50,1.41,2.75,1.98,4.97,1.35,4.04,2.03
miracle,miracle,8.14,1.35,6.88,2.56,7.50,1.98,5.33,2.90,8.26,1.19,7.17,2.41
miroir ,mirror,5.54,1.59,3.73,2.46,5.24,1.71,4.00,2.35,5.80,1.47,3.50,2.59
miséricorde,mercy,3.65,2.38,4.61,2.36,4.89,1.27,3.22,2.05,3.48,2.45,4.79,2.35
moelleux,soft,7.37,1.42,4.22,2.34,6.13,1.73,3.50,1.51,7.51,1.33,4.30,2.41
moment,moment,5.83,1.31,4.78,2.18,5.75,1.42,4.25,2.60,5.85,1.30,4.88,2.10
monarchie,monarchy,2.97,1.78,4.88,2.38,3.89,1.17,5.44,1.59,2.85,1.81,4.81,2.46
monde ,world,6.28,1.91,5.22,2.84,6.33,1.61,5.44,2.50,6.25,2.08,5.09,3.04
montagne,mountain,6.82,2.13,5.18,2.96,7.41,1.73,5.00,3.20,6.33,2.33,5.33,2.82
montre,watch,5.65,2.02,3.78,2.62,6.12,2.03,4.29,2.87,5.25,1.97,3.35,2.37
morale,morals,5.94,2.13,4.42,2.16,7.00,1.20,4.75,0.89,5.82,2.18,4.38,2.26
moto,motorcycle,5.76,2.24,5.35,2.73,6.06,1.82,5.24,2.88,5.50,2.56,5.45,2.67
mouche,fly,3.70,2.23,5.14,2.83,4.76,2.31,5.24,2.36,2.80,1.77,5.05,3.24
moufle,mitten,4.76,1.77,3.11,2.59,5.12,1.65,3.41,2.60,4.45,1.85,2.85,2.62
moule,mold,5.57,1.98,4.04,2.26,6.17,1.53,4.33,2.77,5.46,2.05,3.98,2.17
moulin,windmill,4.57,1.56,2.84,2.10,4.94,1.03,2.88,2.03,4.25,1.86,2.80,2.21
mousse ,foam,6.16,1.71,3.84,2.24,6.35,1.93,3.94,2.30,6.00,1.52,3.75,2.24
moustache ,mustache,4.44,1.77,3.30,2.27,5.06,1.59,3.94,2.13,4.09,1.80,2.94,2.30
moustique ,mosquito,2.42,1.76,5.38,3.11,3.33,1.97,4.39,2.68,1.91,1.42,5.94,3.23
mouton,sheep,5.41,1.72,3.73,2.71,6.29,1.57,4.06,2.99,4.65,1.50,3.45,2.50
moyen,medium,4.71,1.20,3.40,1.90,4.56,1.33,3.67,2.00,4.74,1.19,3.37,1.90
mur ,wall,4.19,1.58,2.78,2.46,4.29,1.90,3.00,2.92,4.10,1.29,2.60,2.06
muscle,muscle,6.18,1.84,5.16,2.76,5.65,1.73,4.47,2.96,6.62,1.86,5.71,2.51
musique,music,8.49,0.93,6.89,2.64,8.18,1.13,7.12,2.52,8.75,0.64,6.70,2.79
mutation,mutation,4.47,2.04,5.37,2.27,5.13,1.96,5.50,2.14,4.39,2.05,5.35,2.30
nage,swim,6.12,2.05,4.74,2.34,5.56,1.89,4.83,2.26,6.44,2.09,4.69,2.42
nappe,tablecloth,4.73,1.19,2.30,1.68,4.35,1.17,2.06,1.43,5.05,1.15,2.50,1.88
natte ,plaits,5.47,1.87,3.37,2.35,4.94,1.68,3.35,2.23,5.90,1.95,3.38,2.50
nature,nature,6.43,2.33,5.22,2.67,6.41,2.37,4.71,2.80,6.45,2.35,5.65,2.54
neige,snow,7.65,1.46,6.16,2.60,7.71,1.69,6.35,2.50,7.60,1.27,6.00,2.73
neutre,neutral,4.90,0.74,3.49,1.71,4.83,0.58,3.17,1.95,4.91,0.76,3.55,1.68
nez,nose,5.00,1.50,2.94,2.18,5.22,1.63,3.50,2.62,4.88,1.43,2.63,1.86
niche,doghouse,5.19,1.84,3.16,2.46,5.06,1.89,3.00,2.52,5.30,1.84,3.30,2.45
nid,bird nest,5.62,1.62,3.35,1.89,5.53,1.55,4.00,1.90,5.70,1.72,2.80,1.74
nihilisme,nihilism,4.21,1.42,4.01,2.24,4.67,2.00,5.33,2.24,4.15,1.33,3.84,2.20
noblesse,nobility,5.52,1.95,3.87,2.09,4.75,1.28,3.63,2.88,5.61,2.00,3.90,2.01
noeud,knot,4.08,1.75,3.50,2.28,4.35,1.17,3.35,2.42,3.86,2.10,3.62,2.20
noir,black,4.01,2.29,4.52,2.56,5.08,1.83,3.67,2.46,3.82,2.32,4.68,2.57
noix ,walnut,4.81,1.31,3.11,2.13,4.88,0.78,2.88,1.96,4.75,1.65,3.30,2.30
norme,norm,4.63,1.52,3.99,2.33,4.22,1.39,5.78,2.22,4.69,1.54,3.75,2.25
note ,note,4.14,2.04,3.73,2.76,4.53,2.53,3.94,2.77,3.80,1.51,3.55,2.80
nuage,cloud,6.03,2.07,3.51,2.51,5.82,1.94,3.47,2.29,6.20,2.21,3.55,2.74
nuit,night,7.78,1.70,6.73,2.49,7.41,2.00,6.59,2.24,8.10,1.37,6.85,2.74
obscur,obscure,3.62,2.06,4.57,2.54,4.63,0.74,3.63,2.07,3.51,2.13,4.68,2.57
observation,observation,5.66,1.50,4.05,2.21,5.67,1.72,4.25,2.83,5.66,1.47,4.02,2.10
obstination,obstinacy,5.84,1.84,5.50,1.88,5.11,1.27,5.56,1.59,5.94,1.89,5.49,1.93
occident,west,5.33,1.35,4.10,1.86,5.63,0.92,3.25,2.25,5.30,1.39,4.20,1.81
oeil,eye,5.92,1.57,3.54,2.60,5.94,1.56,4.12,2.60,5.90,1.62,3.05,2.56
oeuf ,egg,4.84,2.10,3.03,2.25,5.59,1.80,3.71,2.23,4.20,2.17,2.45,2.16
oie ,goose,4.86,1.99,3.14,2.43,5.65,1.73,3.71,2.31,4.20,1.99,2.65,2.48
oignon,onion,4.24,2.26,3.58,2.46,4.06,2.04,4.33,2.45,4.34,2.40,3.16,2.40
oiseau,bird,6.82,1.83,4.11,2.32,6.82,1.47,3.82,2.38,6.81,2.11,4.33,2.31
olive,olive,5.74,1.57,3.83,2.17,5.92,1.31,3.83,2.41,5.71,1.62,3.83,2.14
oncle,uncle,6.00,1.60,4.22,2.48,5.94,1.39,4.50,2.57,6.03,1.73,4.06,2.46
ongle ,nail,4.68,2.11,3.76,2.34,4.24,1.71,3.12,2.03,5.05,2.36,4.29,2.49
onze,eleven,5.32,1.55,3.97,2.73,5.71,1.61,4.35,2.40,5.00,1.45,3.65,3.01
opinion,opinion,6.79,1.50,5.48,2.21,6.11,1.27,4.33,2.00,6.88,1.51,5.63,2.21
orange,orange,5.92,2.17,4.03,2.75,5.65,2.29,4.29,2.73,6.14,2.10,3.81,2.80
ordre,order,5.28,2.33,5.04,2.43,5.13,1.46,4.75,2.43,5.30,2.42,5.07,2.45
oreille,ear,5.68,1.62,3.68,2.47,6.18,1.70,3.53,2.79,5.25,1.45,3.80,2.24
oreiller ,pillow,7.05,2.16,3.76,2.82,6.88,2.57,3.88,2.93,7.20,1.79,3.65,2.80
orteil,toe,4.84,1.94,3.08,2.37,4.94,2.16,3.41,2.37,4.75,1.77,2.80,2.40
os ,bone,4.30,1.68,3.14,2.29,4.47,1.62,3.65,2.12,4.15,1.76,2.70,2.39
osier,wicker,4.96,1.28,3.50,1.77,5.00,0.85,3.42,1.78,4.95,1.35,3.52,1.78
oubli,oversight,2.65,1.44,5.00,2.67,2.47,1.59,6.06,2.54,2.80,1.32,4.10,2.49
ours,bear,6.00,2.03,5.35,2.57,7.12,1.27,5.59,2.06,5.05,2.09,5.15,2.98
outil,tool,5.23,1.12,3.44,2.07,5.11,1.36,4.33,1.66,5.25,1.10,3.32,2.11
pacifisme,pacifism,7.37,1.66,3.56,2.70,6.75,1.98,3.50,3.16,7.44,1.62,3.56,2.67
pacte,pact,5.78,1.63,4.90,2.14,5.67,1.23,4.33,2.10,5.80,1.70,5.00,2.15
pain,bread,6.51,1.46,3.86,2.39,6.76,1.52,4.88,2.55,6.30,1.42,3.00,1.92
paix,peace,7.70,1.43,4.43,2.56,7.29,1.40,4.59,2.67,8.05,1.39,4.30,2.52
panda,panda,7.24,1.67,4.65,2.72,7.24,1.35,5.06,2.44,7.25,1.94,4.30,2.96
panier,basket,5.12,1.38,3.02,2.19,4.78,1.00,3.33,2.38,5.31,1.53,2.84,2.10
pantalon,pants,5.84,1.39,3.84,2.06,5.56,1.76,4.22,1.99,6.00,1.14,3.63,2.11
paon ,peacock,6.41,1.74,3.70,2.13,6.18,2.10,3.82,2.30,6.60,1.39,3.60,2.04
papier,paper,4.86,1.05,2.54,2.05,4.78,1.22,3.39,2.38,4.91,0.96,2.06,1.70
papillon,butterfly,6.97,1.77,3.92,2.23,6.53,1.94,4.41,2.27,7.35,1.57,3.50,2.16
paquet ,package,5.34,1.96,4.05,2.69,4.88,0.93,3.88,2.00,5.71,2.47,4.19,3.19
parachute,parachute,6.44,1.83,6.51,2.48,6.67,1.50,5.56,2.55,6.41,1.88,6.63,2.47
paradis,paradise,6.65,2.07,4.05,2.75,6.18,2.46,4.29,2.82,7.05,1.64,3.85,2.74
parapluie,umbrella,4.08,2.71,3.49,2.88,4.41,2.40,3.12,2.34,3.80,2.98,3.80,3.30
parc ,park,6.59,1.48,4.51,2.47,6.47,1.50,4.76,2.63,6.70,1.49,4.30,2.36
pardon,pardon,6.82,1.62,4.46,2.19,6.25,1.04,3.88,1.96,6.89,1.66,4.52,2.22
paresseux,indolent,3.75,2.52,2.90,2.21,4.83,2.48,3.42,2.75,3.55,2.50,2.80,2.11
passion,passion,8.16,1.30,6.91,2.56,7.33,1.80,7.00,2.50,8.26,1.19,6.90,2.58
pastèque,watermelon,6.89,1.47,4.24,2.35,7.35,1.62,3.94,2.46,6.50,1.24,4.50,2.28
pâte,pasta,6.59,1.92,4.35,2.19,6.41,2.24,4.47,2.55,6.75,1.65,4.25,1.89
patins,skates,5.35,1.69,4.08,2.51,4.76,1.35,2.88,2.20,5.85,1.81,5.10,2.34
paupière,eyelid,4.97,1.28,2.68,1.96,4.59,1.37,2.82,2.19,5.30,1.13,2.55,1.79
pays,country,6.03,2.06,4.97,2.70,5.59,1.77,4.29,2.85,6.40,2.26,5.55,2.50
pêche,peach,6.22,2.08,4.24,2.73,6.94,1.71,5.65,2.40,5.60,2.21,3.05,2.46
peigne,comb,4.97,1.72,3.14,2.30,4.82,1.19,2.94,2.56,5.10,2.10,3.30,2.11
peine,distress,2.00,1.20,4.54,2.30,2.24,1.15,5.12,2.00,1.80,1.24,4.05,2.48
peinture,painting,5.84,1.88,3.61,2.11,5.88,1.93,3.94,1.95,5.81,1.89,3.33,2.24
pelle,dust pan,4.65,1.74,3.05,2.65,4.88,1.62,3.47,3.18,4.45,1.85,2.70,2.11
pelote ,ball of wool,5.03,1.44,2.73,1.90,4.94,1.39,3.00,1.77,5.10,1.52,2.50,2.01
pendule,clock,4.90,1.50,3.44,2.29,5.11,1.57,3.83,2.04,4.78,1.48,3.22,2.42
pensée,mind,6.83,1.81,4.86,2.61,7.00,1.76,4.83,3.27,6.80,1.83,4.86,2.51
pénurie,shortage,1.68,1.02,5.71,2.73,2.56,1.42,5.44,2.74,1.56,0.90,5.75,2.75
perceuse,drill,4.05,1.56,4.43,2.54,4.88,0.35,3.00,2.14,3.96,1.62,4.59,2.54
père,father,6.73,2.41,5.86,2.69,6.76,2.56,5.53,3.02,6.70,2.34,6.15,2.41
père-Noël ,Father Christmas,6.89,2.33,6.35,2.71,5.71,2.49,5.06,2.93,7.90,1.65,7.45,1.99
perroquet,parrot,6.30,1.87,4.57,2.68,7.00,1.17,5.29,2.62,5.70,2.15,3.95,2.65
petit,small,4.95,1.68,3.69,2.12,4.92,0.90,3.75,2.34,4.95,1.79,3.68,2.10
petits pois,peas,4.70,2.05,3.22,2.54,5.29,1.76,3.06,2.56,4.20,2.19,3.35,2.58
peur,fear,3.03,1.88,6.43,2.50,4.00,1.97,6.35,2.12,2.20,1.36,6.50,2.84
phénomène,phenomenon,5.39,1.03,4.70,1.91,5.67,1.12,4.33,1.87,5.35,1.02,4.75,1.93
phoque,seal,5.95,1.96,4.00,2.56,6.59,2.03,4.82,2.81,5.40,1.76,3.30,2.15
phrase,sentence,5.54,1.43,3.05,2.03,5.71,1.16,3.35,2.12,5.40,1.64,2.80,1.96
piano,piano,7.14,1.93,4.59,2.85,6.88,2.20,5.41,3.08,7.35,1.69,3.90,2.51
pièce ,coin,6.08,1.67,3.62,2.49,5.53,1.70,3.18,2.21,6.55,1.54,4.00,2.70
pied,foot,5.00,1.72,3.38,2.60,5.59,1.66,3.47,2.76,4.50,1.64,3.30,2.52
pigeon ,pigeon,4.03,2.58,3.26,2.68,4.35,2.62,3.41,2.60,3.76,2.59,3.14,2.80
pile ,battery,5.03,1.28,2.95,2.28,4.94,1.75,3.29,2.78,5.10,0.72,2.65,1.79
pince,pliers,3.71,1.69,2.87,2.18,3.71,1.49,3.47,2.35,3.71,1.87,2.38,1.96
pinceau,paintbrush,5.97,1.54,4.08,2.11,6.35,1.58,4.94,1.75,5.65,1.46,3.35,2.16
pingouin,penguin,7.05,1.45,4.16,2.47,7.06,1.48,4.59,2.50,7.05,1.47,3.80,2.44
pion ,pawn,4.46,1.32,3.41,2.36,4.65,1.66,3.41,2.65,4.30,0.98,3.40,2.16
pipe,pipe,5.25,2.00,4.25,2.58,6.50,1.77,3.13,2.75,5.11,1.98,4.38,2.55
piscine ,swimming pool,7.41,1.66,5.97,2.55,7.41,2.15,5.82,2.67,7.40,1.14,6.10,2.51
pistolet,gun,2.43,1.79,6.84,2.18,4.00,1.86,6.33,2.90,2.14,1.64,6.94,2.04
pitié,pity,2.83,1.79,4.26,2.49,3.44,1.01,4.11,2.47,2.75,1.86,4.28,2.51
placard,cupboard,4.76,1.50,2.92,2.50,4.76,1.86,2.76,2.63,4.75,1.16,3.05,2.44
place ,place,5.30,1.02,2.97,2.36,5.59,1.23,3.12,2.52,5.05,0.76,2.85,2.28
plage,beach,7.82,1.61,5.78,2.80,7.44,1.92,5.17,3.05,8.03,1.40,6.13,2.64
plaisir,pleasure,8.22,1.49,7.86,1.55,8.00,1.58,7.88,1.87,8.40,1.43,7.85,1.27
planche ,plank,4.92,1.57,2.86,2.25,4.82,1.19,2.82,2.38,5.00,1.86,2.90,2.20
planète ,planet,6.43,1.63,4.86,2.37,6.47,1.50,5.29,2.31,6.40,1.76,4.50,2.42
plante ,plant,6.25,1.92,3.44,2.48,6.55,1.80,4.20,2.91,6.00,2.03,2.80,1.88
plat ,dish,6.38,1.64,4.27,2.72,6.29,1.61,4.53,2.48,6.45,1.70,4.05,2.96
pluie,rain,4.51,3.10,4.43,2.98,5.06,2.75,4.18,2.56,4.05,3.36,4.65,3.34
plume,feather,6.14,1.44,3.35,2.49,5.59,1.23,2.41,2.00,6.60,1.47,4.15,2.62
pneu,tire,4.73,1.52,3.51,2.18,5.53,1.01,4.29,1.96,4.05,1.57,2.85,2.18
poche ,pocket,4.84,1.44,2.62,1.70,4.58,1.37,2.92,1.75,5.05,1.50,2.38,1.66
poêle,frying pan,5.05,2.20,3.38,2.30,5.00,2.15,4.00,2.45,5.10,2.29,2.85,2.08
poids ,weight,3.81,1.78,3.70,3.01,4.41,1.84,3.12,2.60,3.30,1.59,4.20,3.30
poignée,handle,5.09,0.94,3.66,2.04,4.63,1.06,2.38,1.77,5.14,0.91,3.80,2.03
poing ,fist,3.53,1.97,3.63,2.44,4.06,1.95,4.35,2.55,3.10,1.92,3.05,2.25
poire,pear,5.92,1.80,3.32,2.17,6.12,1.76,3.76,2.28,5.75,1.86,2.95,2.06
poireau ,leek,4.72,2.35,3.61,2.48,5.41,1.87,3.76,2.51,4.14,2.60,3.48,2.50
poisson,fish,6.49,1.88,4.59,2.51,6.82,2.13,5.06,2.68,6.20,1.64,4.20,2.35
poivron,sweet pepper,5.57,1.94,3.99,2.22,6.25,1.06,4.67,2.02,5.45,2.05,3.86,2.24
politique,politics,3.11,2.13,3.72,3.16,2.82,1.91,4.00,2.85,3.35,2.32,3.47,3.47
pomme,apple,6.65,1.65,4.00,2.69,7.24,1.68,5.12,2.37,6.15,1.50,3.05,2.63
pont ,bridge,5.08,1.61,4.00,2.40,5.47,1.46,4.24,2.41,4.75,1.68,3.80,2.44
population,population,5.22,1.27,4.42,2.47,4.33,1.41,5.00,2.78,5.34,1.22,4.34,2.44
porte,door,5.02,1.08,3.22,2.24,4.89,1.02,3.67,2.40,5.09,1.12,2.97,2.15
possibilité,possibility,7.19,1.18,5.62,2.19,6.38,1.60,4.25,2.60,7.28,1.10,5.77,2.10
poste ,post office,4.30,1.84,3.11,2.27,4.24,1.71,2.76,1.99,4.35,1.98,3.40,2.50
postulat,postulate,5.04,1.01,3.53,2.03,4.89,0.33,3.89,2.26,5.06,1.06,3.49,2.01
pot ,jar,5.11,1.31,3.22,1.86,5.71,1.45,3.82,1.91,4.60,0.94,2.70,1.69
poteau ,post,4.32,1.67,3.30,2.59,4.71,1.61,3.94,2.90,4.00,1.69,2.75,2.22
poubelle,garbage can,2.95,1.67,3.86,2.67,3.12,1.90,4.65,2.60,2.80,1.47,3.20,2.61
pouce,thumb,5.08,1.66,3.00,2.20,5.12,2.06,3.06,2.11,5.05,1.28,2.95,2.33
poule,hen,5.11,1.91,3.35,2.35,5.94,1.39,3.18,2.32,4.40,2.04,3.50,2.42
poulet ,chicken,6.38,1.93,4.60,2.76,6.17,2.09,4.94,2.46,6.50,1.85,4.41,2.93
poupée,doll,5.19,2.25,3.27,2.55,4.76,2.33,3.06,2.36,5.56,2.16,3.45,2.74
poussière,dust,3.08,1.65,3.42,2.45,3.50,1.58,4.06,2.39,2.84,1.67,3.06,2.45
poussin ,chick,6.47,1.75,4.47,2.38,6.47,1.84,3.53,1.91,6.48,1.72,5.24,2.49
pré ,meadow,6.84,1.69,3.92,2.36,7.18,1.67,4.00,2.42,6.55,1.70,3.85,2.37
présent,present,6.58,1.46,4.62,2.28,6.00,1.51,2.88,1.89,6.65,1.46,4.82,2.25
prestige,prestige,7.12,1.77,5.45,2.33,6.42,2.43,5.42,3.03,7.25,1.61,5.46,2.20
prise,plug,3.92,1.80,2.95,2.53,3.94,1.92,3.00,2.62,3.90,1.74,2.90,2.51
prix ,price,3.72,2.06,4.44,2.41,3.72,1.90,5.33,1.97,3.72,2.17,3.94,2.51
profond,deep,5.32,1.64,3.97,2.32,6.11,1.76,3.78,2.73,5.22,1.61,4.00,2.29
propre,clean,7.45,1.45,4.09,2.39,6.75,1.67,4.50,2.33,7.53,1.41,4.04,2.40
prune,plum,5.11,1.87,3.65,2.61,5.12,1.80,3.88,2.76,5.10,1.97,3.45,2.52
puissance,power,6.35,2.11,6.66,2.26,6.83,1.59,5.83,2.59,6.26,2.20,6.82,2.18
puits,well,4.11,1.82,3.35,2.36,4.00,1.54,3.12,2.37,4.20,2.07,3.55,2.39
pull-over,sweater,5.82,2.28,3.03,2.34,5.88,1.62,2.76,2.11,5.76,2.74,3.24,2.55
pur,pure,7.31,1.56,3.32,2.29,6.11,1.17,3.67,2.06,7.47,1.54,3.28,2.33
puzzle ,jigsaw-puzzle,4.78,1.96,3.54,2.42,5.12,1.62,3.47,2.10,4.50,2.21,3.60,2.72
pyjama,pajamas,6.15,1.74,3.41,2.48,5.38,1.06,3.25,1.98,6.24,1.78,3.42,2.54
qualité,quality,7.71,1.35,4.79,2.41,7.33,1.61,4.92,2.68,7.78,1.29,4.77,2.38
quatre,four,5.27,0.84,2.59,1.95,5.29,0.69,2.47,1.81,5.25,0.97,2.70,2.11
quiche,quiche,6.62,2.07,4.54,2.61,6.82,2.04,5.12,2.50,6.45,2.14,4.05,2.67
quille ,skittle,4.59,1.42,2.84,2.11,4.59,1.62,2.53,1.91,4.60,1.27,3.10,2.29
quinze,fifteen,5.30,1.28,3.52,2.43,5.67,1.50,4.72,2.44,5.09,1.12,2.84,2.17
racisme,racism,1.36,0.86,6.86,2.34,2.11,1.45,6.89,2.03,1.26,0.70,6.85,2.40
radio,radio,6.44,1.60,5.03,2.49,5.50,0.76,3.25,2.19,6.55,1.64,5.23,2.45
rage,rage,3.27,2.49,7.16,2.06,4.65,2.74,7.29,1.61,2.10,1.52,7.05,2.42
rail,rail,4.72,1.69,3.48,2.49,5.28,1.81,4.17,2.64,4.41,1.56,3.09,2.36
raisin,grape,6.34,1.88,3.82,2.28,5.94,1.63,4.11,2.30,6.56,2.00,3.66,2.29
rame,oar,4.57,1.27,3.67,2.07,5.08,0.90,3.25,2.01,4.47,1.31,3.75,2.09
rampe ,banister,5.00,1.23,3.34,2.26,4.94,1.51,4.44,2.45,5.03,1.06,2.72,1.90
rang,row,4.19,1.68,3.27,2.12,4.35,1.77,3.82,1.98,4.05,1.64,2.80,2.17
rapide,fast,6.43,1.41,5.95,2.68,6.44,1.13,5.89,2.98,6.43,1.45,5.96,2.67
raquette,racket,5.03,1.71,3.24,2.36,5.82,1.42,3.24,2.51,4.35,1.66,3.25,2.29
rasoir,razor,4.33,1.77,4.15,2.34,4.25,1.04,4.13,2.90,4.34,1.84,4.16,2.30
rat,rat,3.97,2.28,4.78,2.58,4.41,2.40,4.59,2.60,3.60,2.16,4.95,2.63
râteau,rake,4.38,1.88,3.19,2.66,4.00,2.09,3.76,3.03,4.70,1.66,2.70,2.27
règle,ruler,3.89,1.81,3.89,2.51,4.23,1.86,4.41,2.32,3.60,1.76,3.45,2.65
regret,regret,2.30,1.65,6.16,2.70,2.59,1.91,7.00,2.42,2.05,1.39,5.45,2.78
reine ,queen,6.00,1.91,3.70,2.47,5.76,2.14,4.29,2.31,6.20,1.74,3.20,2.55
religion,religion,4.16,2.27,5.09,2.53,3.00,2.52,6.08,2.57,4.37,2.18,4.91,2.50
remord,remorse,2.00,1.29,5.79,2.40,3.11,1.05,5.11,1.76,1.85,1.25,5.88,2.47
renard,fox,5.71,2.13,4.21,2.21,5.65,2.23,3.59,2.15,5.76,2.10,4.71,2.17
renne,reindeer,5.77,1.38,3.72,2.01,5.50,1.41,2.88,2.42,5.80,1.38,3.82,1.96
repos,rest,7.73,1.57,2.39,2.41,7.17,1.95,2.58,3.06,7.83,1.49,2.35,2.30
république,republic,5.84,1.49,4.69,1.89,5.56,1.01,4.56,1.67,5.88,1.54,4.71,1.92
requin,shark,4.43,2.33,5.51,2.80,5.12,2.15,5.29,2.59,3.85,2.37,5.70,3.03
reste,rest,4.70,1.65,3.19,2.01,5.47,1.28,3.47,1.84,4.05,1.67,2.95,2.16
rêve,dream,8.05,1.27,6.16,2.53,7.76,1.56,5.71,2.69,8.30,0.92,6.55,2.39
réveil,alarm clock,3.27,2.04,4.72,2.69,2.75,1.67,6.75,1.91,3.32,2.08,4.49,2.68
revolver,revolver,3.39,2.25,5.08,3.21,4.18,2.16,5.41,2.94,2.76,2.17,4.81,3.46
rhinocéros,rhinoceros,5.34,1.94,4.63,2.75,5.71,1.93,4.35,2.87,5.05,1.94,4.86,2.69
riche,rich man/woman,7.03,2.01,5.95,2.05,6.65,2.50,6.35,1.87,7.35,1.46,5.60,2.19
richesse,richness,7.39,1.68,5.75,2.73,6.67,1.72,5.25,2.90,7.52,1.65,5.85,2.72
rideau,curtain,5.19,1.20,2.89,1.84,5.53,1.42,3.00,1.84,4.90,0.91,2.80,1.88
rien,nothing,4.51,1.94,2.68,2.15,5.00,2.12,3.00,2.42,4.10,1.71,2.40,1.90
rire,laughter,8.48,0.95,7.20,2.01,8.22,1.00,6.94,2.21,8.63,0.91,7.34,1.91
rivière,river,6.80,1.74,4.78,2.66,6.17,1.65,4.67,2.66,7.16,1.71,4.84,2.70
robe,dress,7.08,1.79,5.97,2.01,6.29,1.83,5.94,1.98,7.75,1.48,6.00,2.08
robinet,faucet,5.16,1.04,2.35,1.96,5.12,0.99,2.41,2.03,5.20,1.11,2.30,1.95
robot ,robot,5.30,1.98,4.32,2.85,6.24,2.17,5.12,2.69,4.50,1.43,3.65,2.87
rond ,circle,5.36,1.26,3.12,2.14,5.61,1.14,4.06,2.15,5.22,1.31,2.59,1.98
ronde ,round,4.86,1.73,3.34,2.06,5.17,1.29,3.11,2.30,4.69,1.93,3.47,1.93
rose ,rose,6.86,1.81,4.95,2.94,6.12,1.90,4.35,3.08,7.50,1.50,5.45,2.80
roue,wheel,5.24,1.57,3.27,2.45,5.47,1.23,3.12,2.29,5.05,1.82,3.40,2.62
rouge,red,5.82,1.86,5.45,2.41,5.33,1.22,5.22,1.79,5.88,1.93,5.49,2.49
route ,road,5.46,2.29,4.68,2.65,5.41,2.24,5.00,2.52,5.50,2.40,4.40,2.78
royaume,kingdom,5.72,1.99,4.42,2.46,5.25,1.75,3.50,2.98,5.77,2.02,4.52,2.40
ruche,hive,4.41,1.84,5.12,2.62,4.92,1.51,4.75,2.83,4.31,1.89,5.19,2.59
rue,street,4.96,1.59,3.66,2.22,5.06,1.39,3.78,2.07,4.91,1.71,3.59,2.33
rugueux,rough,3.44,1.59,4.00,2.06,4.33,1.73,4.78,1.09,3.32,1.54,3.90,2.15
sabot ,clog,4.59,1.83,3.28,2.12,5.12,1.17,3.59,2.18,4.15,2.18,3.00,2.08
sage,wise man,7.27,1.43,3.22,2.08,7.65,1.06,3.59,2.06,6.95,1.64,2.90,2.10
salade,salad,5.90,1.39,3.37,2.03,5.00,0.53,2.75,1.98,6.00,1.42,3.44,2.04
sale,dirty,2.08,1.26,4.95,2.22,2.92,1.44,5.42,2.11,1.92,1.18,4.86,2.25
salière,salt shaker,4.76,1.48,3.03,2.37,5.00,1.46,3.06,2.33,4.55,1.50,3.00,2.47
salle,room,4.88,1.14,3.16,2.14,5.06,1.39,3.67,2.30,4.78,0.97,2.88,2.03
salopette,overalls,5.08,1.57,3.13,2.08,4.44,2.70,5.44,2.65,5.16,1.37,2.82,1.80
sandale,sandal,5.77,1.95,4.22,2.49,5.75,2.55,4.25,2.96,5.77,1.90,4.21,2.46
sandwich,sandwich,7.38,1.36,5.14,2.53,7.59,1.23,5.47,2.60,7.20,1.47,4.85,2.50
sang ,blood,4.47,2.30,4.24,2.47,4.35,2.23,4.59,2.48,4.57,2.40,3.95,2.48
sanglier,wild boar,4.98,1.85,4.70,2.32,5.67,1.68,4.83,2.55,4.59,1.85,4.63,2.23
santé,health,7.08,1.95,4.32,2.11,7.41,1.66,4.65,2.18,6.80,2.17,4.05,2.06
sapin ,fir tree,7.16,1.71,5.70,2.76,7.35,1.22,6.00,2.50,7.00,2.05,5.45,3.00
satire,satire,3.47,1.92,5.25,2.24,5.08,1.83,5.00,2.41,3.17,1.80,5.29,2.22
saucisson,dry sausage,6.65,1.97,4.31,2.58,8.00,1.58,5.00,2.96,6.47,1.95,4.22,2.53
sauterelle,grasshopper,4.65,2.06,3.38,2.81,5.18,1.88,3.53,2.53,4.20,2.14,3.25,3.09
sauvetage,rescue,7.53,1.47,5.72,2.74,7.63,1.60,6.75,1.75,7.52,1.47,5.61,2.81
savon,soap,6.21,1.50,3.49,2.09,5.92,1.38,4.08,2.75,6.26,1.52,3.38,1.96
scie,saw,4.35,1.89,3.62,2.60,5.12,1.76,3.88,2.96,3.70,1.78,3.40,2.30
seau ,bucket,4.89,1.22,3.08,2.13,5.18,0.73,3.41,2.27,4.65,1.50,2.80,2.02
sécurité,safety,5.76,2.20,4.32,2.77,5.47,2.27,4.41,2.96,6.00,2.18,4.25,2.67
sein ,breast,6.74,1.69,5.26,2.90,7.53,1.70,6.29,2.93,6.10,1.41,4.43,2.66
seize,sixteen,5.30,2.18,3.92,2.82,6.00,2.00,4.12,2.52,4.70,2.20,3.75,3.11
sel,salt,5.28,1.49,3.70,2.07,5.13,0.35,2.13,1.81,5.30,1.57,3.87,2.03
selle,saddle,4.65,2.30,3.27,2.41,4.41,2.03,3.53,2.37,4.85,2.54,3.05,2.48
senteur,fragrance,6.62,1.53,4.62,2.58,5.75,0.97,4.17,2.29,6.78,1.57,4.71,2.63
serpent,snake,5.08,2.29,5.68,2.48,5.76,2.19,5.76,2.02,4.50,2.26,5.60,2.87
serrure,lock,4.55,1.24,3.42,1.96,4.56,1.33,4.22,1.86,4.54,1.24,3.31,1.96
serviette,towel,5.15,1.16,3.19,1.93,5.13,0.83,2.00,1.85,5.15,1.19,3.32,1.90
seul,alone,2.34,1.62,3.77,2.67,3.42,2.07,3.67,2.84,2.14,1.46,3.78,2.65
siècle,century,5.29,1.20,3.84,2.05,4.78,0.67,4.33,2.00,5.35,1.24,3.78,2.06
sieste,nap,6.92,2.07,3.46,2.71,6.29,2.31,3.41,2.85,7.45,1.73,3.50,2.67
sifflet,whistle,4.24,2.05,3.84,2.80,4.41,2.12,4.12,3.04,4.10,2.02,3.62,2.65
silence,silence,5.71,2.68,2.97,2.60,6.35,2.42,2.35,2.42,5.19,2.82,3.48,2.69
singe,monkey,6.32,1.99,4.52,2.44,5.83,1.82,4.89,2.56,6.59,2.06,4.31,2.39
sirène ,mermaid,5.65,2.63,4.65,2.79,5.82,2.92,5.88,2.62,5.50,2.42,3.60,2.54
ski,ski,7.03,2.41,6.51,2.61,7.35,2.34,6.41,2.65,6.75,2.49,6.60,2.64
soeur,sister,6.81,2.23,5.00,2.58,7.06,1.98,5.18,2.38,6.60,2.46,4.85,2.80
soif,thirst,4.16,2.05,5.15,2.22,4.50,1.85,5.75,1.04,4.13,2.08,5.08,2.31
soin ,care,6.05,1.79,4.27,2.65,5.88,1.80,4.76,2.33,6.20,1.82,3.85,2.89
sol,ground,4.78,1.25,2.57,2.05,5.00,1.41,2.59,2.37,4.60,1.10,2.55,1.79
soleil,sun,7.95,1.58,5.89,2.87,7.76,1.52,5.29,2.91,8.10,1.64,6.38,2.82
sombre,dark,2.86,1.67,4.00,2.35,3.92,1.56,4.17,2.72,2.66,1.62,3.97,2.29
sommeil,sleep,7.25,2.19,3.73,3.00,7.06,2.30,3.29,2.93,7.42,2.14,4.10,3.08
son,sound,7.63,1.76,5.95,2.80,7.53,2.12,6.12,2.91,7.71,1.45,5.81,2.77
songe,dream,6.51,1.74,3.72,2.42,6.67,1.22,3.67,2.40,6.49,1.80,3.73,2.44
sort,fate,5.19,2.05,4.00,2.68,5.35,2.12,4.29,2.85,5.05,2.04,3.75,2.57
sou ,cent,7.16,1.46,5.30,2.38,7.00,1.54,5.00,1.84,7.30,1.42,5.55,2.78
souffle,breath,5.92,1.85,4.35,2.38,6.06,1.52,4.18,2.43,5.80,2.12,4.50,2.40
souffrance,suffering,2.05,1.84,5.57,2.98,2.35,1.69,5.76,2.44,1.80,1.96,5.40,3.42
soupe,soup,5.73,2.33,2.92,2.31,5.35,2.26,3.24,2.54,6.05,2.39,2.65,2.13
souplesse,flexibility,6.89,1.54,4.59,2.54,5.63,1.41,3.50,1.31,7.03,1.50,4.72,2.62
sourcil,eyebrow,4.94,1.28,2.98,1.76,4.83,0.99,3.28,1.74,5.00,1.44,2.81,1.77
souris,mouse,4.97,2.32,3.89,2.41,5.88,1.45,3.76,2.56,4.20,2.65,4.00,2.34
souvenir,memory,7.21,2.08,5.92,2.53,6.71,2.14,5.65,2.64,7.62,1.99,6.14,2.48
spaghetti ,spaghetti,7.54,1.32,5.22,2.38,7.47,1.46,5.18,2.51,7.60,1.23,5.25,2.34
sport,sport,6.73,2.46,6.59,2.54,7.71,1.83,6.53,2.94,5.90,2.65,6.65,2.23
squelette,skeleton,3.62,1.86,4.24,2.63,4.12,1.41,4.47,2.67,3.20,2.12,4.05,2.65
stabilité,stability,6.75,1.70,3.74,2.49,5.92,2.07,3.67,2.53,6.91,1.60,3.75,2.50
steak,steak,6.54,1.89,4.68,2.41,7.50,1.15,5.56,1.92,6.00,2.02,4.19,2.55
stop,stop sign,3.86,1.57,4.14,2.30,4.35,1.73,4.53,2.15,3.45,1.32,3.80,2.42
stylo,pen,4.92,1.32,3.14,2.18,5.29,1.36,3.53,2.32,4.60,1.23,2.80,2.04
sucre,sugar,6.69,1.53,5.18,2.28,6.56,1.24,5.22,1.48,6.71,1.57,5.18,2.37
sueur,sweat,2.70,1.73,4.96,2.63,4.13,1.64,3.75,1.91,2.54,1.67,5.10,2.67
supercherie,fraud,3.32,2.22,5.24,2.39,2.67,2.02,5.67,2.06,3.45,2.24,5.16,2.46
sûre,sure,6.95,1.57,3.97,2.33,5.11,1.27,3.56,1.74,7.19,1.45,4.03,2.41
surprise,surprise,7.60,1.69,7.42,1.98,6.28,1.93,6.17,2.43,8.34,0.94,8.13,1.24
table,table,5.51,1.39,3.65,2.19,5.71,1.36,4.12,2.12,5.35,1.42,3.25,2.22
tableau,picture,5.58,1.59,3.64,2.41,5.39,1.46,3.89,1.81,5.69,1.67,3.50,2.70
tabouret,stool,4.81,0.97,2.38,1.92,4.65,1.00,2.65,2.12,4.95,0.94,2.15,1.76
taille,size,5.35,1.06,3.22,2.31,5.29,1.16,3.24,2.66,5.40,0.99,3.20,2.04
talon ,heel,6.27,2.02,4.70,2.58,5.12,1.96,3.65,2.60,7.25,1.52,5.60,2.26
tambour,drum,5.00,2.03,4.11,2.84,5.35,1.93,3.82,2.94,4.70,2.11,4.35,2.80
tambourin,tambourine,5.49,1.69,3.86,2.42,4.88,2.03,3.88,2.60,6.00,1.17,3.85,2.32
tampon ,stamp,4.08,1.96,3.86,2.47,4.41,1.80,4.29,2.37,3.80,2.09,3.50,2.56
tante,aunt,5.84,2.15,3.95,2.61,5.76,2.05,3.82,2.21,5.90,2.29,4.05,2.96
tapis,carpet,5.35,1.10,3.28,1.97,5.13,0.35,2.25,1.83,5.38,1.15,3.39,1.96
tarte,pie,7.54,1.28,5.97,2.09,7.53,1.07,6.00,1.97,7.55,1.47,5.95,2.24
tartine ,slice of bread,6.70,1.71,5.14,2.47,5.89,1.94,5.00,2.50,7.16,1.39,5.22,2.49
tasse,cup,5.76,1.55,3.59,2.29,6.06,1.64,4.00,2.52,5.50,1.47,3.25,2.07
taupe ,mole,4.84,1.95,3.05,2.10,5.18,1.91,3.29,2.17,4.57,1.99,2.86,2.08
taureau (bison),bull,5.54,2.60,5.68,2.61,6.53,1.84,5.65,2.55,4.70,2.89,5.70,2.74
téléphone,telephone,6.61,2.21,5.16,2.62,5.35,2.37,5.12,2.52,7.62,1.47,5.19,2.75
télévision,television,6.19,2.41,4.59,2.55,5.65,2.78,4.18,2.70,6.65,2.01,4.95,2.44
témérité,recklessness,4.35,2.22,3.82,2.26,4.92,1.68,5.00,1.60,4.25,2.30,3.60,2.30
temps,time,5.89,2.13,4.08,2.38,5.94,2.41,4.71,2.05,5.85,1.93,3.55,2.56
tendance,tendancy,5.45,1.46,4.05,2.18,3.89,1.76,5.44,1.88,5.66,1.30,3.87,2.16
tendresse,tenderness,8.00,1.22,5.76,2.49,7.82,1.55,5.53,2.67,8.15,0.88,5.95,2.37
tennis,tennis,5.59,1.90,4.53,2.44,6.00,1.60,4.75,2.55,5.55,1.93,4.51,2.45
tente ,tent,6.30,2.12,4.51,2.96,5.65,2.32,4.00,3.04,6.85,1.81,4.95,2.89
terre,world,5.76,1.76,3.51,2.33,6.00,1.54,3.81,2.32,5.57,1.94,3.29,2.37
tétine ,pacifier,6.08,2.17,3.73,2.64,5.71,2.20,3.59,2.87,6.40,2.14,3.85,2.50
théorie,theory,4.96,1.56,4.17,2.18,5.42,1.98,4.75,2.42,4.88,1.47,4.06,2.14
thermomètre,thermometer,4.35,1.72,2.81,2.08,5.18,1.29,2.35,1.84,3.65,1.76,3.20,2.24
thon ,tuna,5.35,2.00,3.43,2.47,5.88,2.32,3.94,2.59,4.90,1.62,3.00,2.34
tigre,tiger,7.32,1.75,6.41,1.98,7.53,1.55,6.53,1.70,7.15,1.93,6.30,2.23
timbre,stamp,5.24,1.46,3.46,2.22,5.35,0.86,3.76,2.08,5.15,1.84,3.20,2.35
tirelire ,piggy-bank,6.32,2.24,4.78,2.65,6.06,2.38,3.88,3.06,6.55,2.14,5.55,2.01
tiret ,dash,4.81,1.31,2.81,1.97,5.06,1.34,3.06,2.08,4.60,1.27,2.60,1.90
titre,title,5.22,1.51,2.78,2.25,5.35,1.58,3.47,2.79,5.10,1.48,2.20,1.51
toilette ,lavatory,4.57,1.83,2.92,2.35,5.00,1.77,3.06,2.16,4.20,1.85,2.80,2.55
toit ,roof,5.32,1.27,3.16,2.22,5.53,1.28,3.71,2.11,5.15,1.27,2.70,2.25
tomate,tomato,5.08,1.72,3.38,2.48,5.53,1.23,3.35,2.62,4.70,2.00,3.40,2.41
tondeuse,lawnmower,4.24,1.65,3.55,2.52,4.71,1.53,4.06,2.77,3.86,1.68,3.14,2.29
tonneau,barrel,4.87,1.79,3.32,2.39,5.41,2.21,3.71,2.69,4.43,1.25,3.00,2.14
torchon ,dish cloth,4.43,1.66,2.62,2.25,4.59,1.70,3.24,2.66,4.30,1.66,2.10,1.74
tortue,turtle,5.54,1.88,3.08,2.44,5.94,1.68,3.47,2.90,5.20,2.02,2.75,2.00
touche,button,4.97,1.54,3.39,2.84,4.82,1.59,3.85,2.76,5.10,1.52,3.00,2.92
toupie,top,5.35,2.07,3.68,2.39,5.94,2.08,3.82,2.51,4.90,2.00,3.57,2.36
tournevis,screwdriver,4.81,1.60,3.65,2.28,5.35,1.27,4.06,2.28,4.35,1.73,3.30,2.27
tracteur,tractor,4.30,1.88,2.89,2.37,4.76,1.79,2.94,2.28,3.90,1.92,2.85,2.50
trahison,betrayal,1.52,1.20,7.32,2.51,2.56,2.60,6.78,2.22,1.38,0.81,7.40,2.55
train,train,5.32,1.56,3.62,2.36,5.59,1.91,3.59,2.53,5.10,1.21,3.65,2.28
trait ,line,4.80,0.70,2.60,1.82,4.94,0.42,3.11,1.81,4.72,0.81,2.31,1.79
traître,traitor,1.52,1.19,6.27,2.47,1.75,1.49,6.38,2.67,1.49,1.16,6.25,2.47
tranquille,quiet,7.43,1.38,2.30,2.13,7.67,1.56,2.92,2.71,7.38,1.35,2.18,2.01
transport,transportation,5.01,1.59,4.69,2.31,5.22,1.30,5.67,2.65,4.99,1.63,4.56,2.25
travail,work,4.17,2.24,4.33,2.64,4.50,2.61,4.63,3.16,3.90,1.92,4.10,2.20
trèfle ,clover,6.78,1.49,4.22,2.52,6.06,1.35,4.50,2.31,7.19,1.42,4.06,2.65
trente,thirty,5.14,2.20,3.51,2.70,5.76,1.95,3.65,2.67,4.60,2.30,3.40,2.80
triangle,triangle,5.05,1.33,3.51,2.39,5.12,1.76,3.59,2.35,5.00,0.86,3.45,2.48
tristesse,sadness,2.08,1.53,5.41,2.82,2.59,1.91,6.24,2.25,1.65,0.99,4.70,3.11
troc,barter,5.80,1.64,4.20,2.37,6.13,1.46,2.50,1.41,5.76,1.67,4.39,2.39
tromperie,trickery,1.73,1.39,7.12,2.18,2.42,2.27,6.42,2.43,1.60,1.14,7.25,2.12
trompette,trumpet,5.78,1.92,4.35,2.93,6.35,2.15,5.29,3.04,5.30,1.59,3.55,2.65
tronc ,trunk,4.97,1.66,3.19,2.17,5.29,1.10,3.53,2.03,4.70,2.00,2.90,2.29
trou,hole,4.68,1.68,3.19,2.49,4.71,1.26,2.76,2.31,4.65,2.01,3.55,2.65
trousse ,pencil case,4.76,1.21,2.16,2.02,4.82,1.51,2.35,2.52,4.70,0.92,2.00,1.52
truc ,thing,5.38,1.16,3.11,2.27,5.18,0.81,2.88,2.39,5.55,1.39,3.30,2.20
tulipe,tulip,6.99,1.36,3.04,2.24,6.22,1.56,3.44,2.24,7.09,1.31,2.99,2.25
tunnel ,tunnel,4.08,1.71,3.59,2.27,4.18,1.55,3.82,2.38,4.00,1.86,3.40,2.21
tuyau,pipe,4.92,1.04,2.49,1.85,4.76,1.25,2.41,1.97,5.05,0.83,2.55,1.79
uni,plain,7.19,1.75,5.15,2.35,7.13,2.03,4.38,2.20,7.20,1.73,5.24,2.37
usine ,factory,3.18,2.02,3.61,2.87,3.88,2.20,4.53,2.94,2.62,1.72,2.86,2.65
usure,wear,2.92,1.40,4.24,2.28,3.58,1.56,4.50,2.88,2.80,1.35,4.19,2.17
vache,cow,5.53,2.50,3.37,2.35,5.82,2.27,2.71,1.53,5.29,2.70,3.90,2.77
vague,wave,6.86,1.95,5.00,2.72,7.28,1.71,5.33,2.54,6.63,2.06,4.81,2.83
vainqueur ,winner,7.64,1.32,6.74,2.22,7.28,1.49,6.61,2.15,7.84,1.19,6.81,2.29
vaisselle,dishes,3.81,1.64,3.90,2.39,3.67,1.50,5.33,2.55,3.82,1.67,3.71,2.32
valeur,value,6.89,1.60,4.90,2.25,5.88,0.99,4.00,2.67,7.00,1.62,5.00,2.20
valise,suitcase,6.70,2.08,6.00,2.63,6.11,2.22,5.28,2.76,7.03,1.96,6.41,2.51
vase,vase,4.95,1.31,2.95,2.26,4.88,1.11,3.29,2.23,5.00,1.49,2.65,2.30
vaste,vast,5.90,1.85,4.23,2.51,6.50,1.68,4.67,3.08,5.78,1.87,4.15,2.41
vélo,bicycle,6.86,1.86,5.27,2.63,7.53,1.70,5.29,2.31,6.30,1.84,5.25,2.94
vénéneux,poisonous,2.33,1.58,5.50,2.43,4.00,1.94,5.67,1.66,2.10,1.39,5.48,2.52
vent,wind,3.82,2.76,3.32,2.46,4.18,2.63,2.88,2.26,3.52,2.89,3.67,2.61
vérité,truth,7.58,1.45,5.11,2.81,7.29,1.45,4.71,2.89,7.81,1.44,5.43,2.77
verre,glass,5.54,1.74,3.78,2.31,5.47,1.37,4.41,2.55,5.60,2.04,3.25,2.00
vert,green,6.04,1.71,3.84,2.34,6.25,1.49,2.50,2.07,6.01,1.74,3.99,2.33
vertige,dizziness,3.01,1.90,5.68,2.57,3.67,2.31,6.08,2.47,2.89,1.81,5.60,2.60
vertu,virtue,6.96,1.53,4.11,2.29,6.78,1.30,3.33,2.06,6.99,1.57,4.21,2.31
veste,jacket,5.68,1.62,3.59,2.28,5.12,1.54,3.00,2.15,6.15,1.57,4.10,2.31
vêtement,clothes,6.82,1.69,4.53,2.55,5.25,1.98,2.75,1.75,7.00,1.58,4.73,2.55
viande,meat,6.59,2.15,5.51,2.38,7.65,1.22,5.71,2.59,5.70,2.39,5.35,2.23
victoire,win,8.21,1.10,7.12,2.37,8.00,1.35,6.17,2.98,8.25,1.06,7.29,2.22
vie,life,7.78,1.86,6.54,2.98,8.12,1.22,7.12,2.52,7.50,2.26,6.05,3.30
vieux,old,4.03,2.30,3.08,2.61,4.29,2.37,3.65,2.60,3.81,2.27,2.62,2.60
vin,wine,5.70,2.65,4.58,2.76,6.83,1.65,5.56,2.50,5.06,2.91,4.03,2.79
vingt,twenty,5.82,1.81,4.36,2.83,6.00,1.50,5.00,2.63,5.72,1.99,4.00,2.92
violon,violin,5.47,2.14,3.55,2.25,5.76,1.56,3.24,1.82,5.24,2.53,3.81,2.56
vis,screw,4.11,1.47,2.89,2.04,4.53,1.01,3.24,2.11,3.76,1.70,2.62,1.99
vitesse,speed,7.03,2.11,6.82,2.56,6.88,2.20,6.47,2.48,7.14,2.08,7.10,2.64
vitre,window,4.84,1.07,2.62,2.03,5.12,0.78,2.35,1.97,4.60,1.23,2.85,2.11
voile ,sail,5.35,1.46,3.92,2.72,5.12,0.78,2.65,2.23,5.55,1.85,5.00,2.68
voilier,sailboat,6.45,1.65,4.21,2.61,6.56,1.67,5.00,2.69,6.43,1.66,4.11,2.60
voiture,car,6.81,1.94,5.43,2.83,6.82,2.01,5.76,2.56,6.80,1.94,5.15,3.08
vol,flight,3.43,2.58,5.77,2.52,3.50,2.56,5.50,2.33,3.42,2.59,5.80,2.55
volant ,steering wheel,6.16,1.94,4.98,2.78,6.61,1.61,5.61,2.66,5.91,2.08,4.63,2.83
volcan ,volcano,5.50,2.46,5.59,2.58,6.59,1.28,5.29,2.44,4.58,2.84,5.85,2.72
vote,vote,6.25,1.63,4.63,2.41,5.25,2.25,4.00,2.83,6.37,1.52,4.70,2.37
voyage,travel,8.30,1.15,7.11,2.46,8.24,1.20,7.53,2.35,8.35,1.14,6.75,2.55
vrai,true,7.06,1.77,4.92,2.83,6.72,1.93,5.06,2.75,7.25,1.67,4.84,2.91
wagon ,truck,4.76,1.50,3.86,2.52,4.59,1.06,2.94,2.38,4.90,1.80,4.65,2.41
yo-yo,yoyo,5.84,1.71,3.62,2.37,5.56,1.92,3.22,1.77,6.00,1.59,3.84,2.65
zèbre,zebra,6.86,1.55,4.08,2.34,6.82,1.81,4.35,2.45,6.90,1.33,3.85,2.28
zoo,zoo,6.84,2.02,5.19,2.50,6.94,2.05,4.88,2.69,6.75,2.05,5.45,2.37
